{
  "train_loss": [
    0.6769498561953137,
    0.579277341537748,
    0.5536562736490465,
    0.5401891546432488,
    0.5245516652163285,
    0.5147601212740112,
    0.5066191530484445,
    0.4990529193235655,
    0.495540277289719,
    0.48723814280076094,
    0.4874558356963229,
    0.4839893853572291,
    0.4779600582422012,
    0.47623703668726547,
    0.47644070818674866,
    0.47124285015225886,
    0.46704231034087734,
    0.4684850685603723,
    0.46848524313876233,
    0.4625998379697958,
    0.4640932558738943,
    0.46211314567691186,
    0.45775589951863754,
    0.4612618572983801,
    0.45837227636967853,
    0.4606303119653842,
    0.45174497567610894,
    0.45474653005655796,
    0.4513373431180294,
    0.44988309292485135,
    0.45001391298568266,
    0.4470705145891922,
    0.44711206562065237,
    0.4479527845926403,
    0.4447654428623845,
    0.4471560348478588,
    0.4453163639816962,
    0.444787520877764,
    0.4443219165365469,
    0.44297534780015546,
    0.44145879245033254,
    0.44098734425119596,
    0.44091285690857135,
    0.4393051414879388,
    0.43976461819674645,
    0.4366763593566638,
    0.43820587043403825,
    0.43552167441855544,
    0.4361192526400885,
    0.4321481614181516,
    0.43568958143556014,
    0.43206396771521177,
    0.43282427667203816,
    0.4351025705969995,
    0.4319784361036118,
    0.43364057563780845,
    0.43046976701628825,
    0.4300051176333087,
    0.43084936086424225,
    0.4276571926231045,
    0.42889102865677753,
    0.4283922386724869,
    0.427307542991761,
    0.426247859721272,
    0.42488462503217084,
    0.4272196674285519,
    0.4260117747316983,
    0.4246819805719344,
    0.42733753110591544,
    0.42476187461127557,
    0.42401539964688184,
    0.423550485448183,
    0.42143136031927425,
    0.4236698549278333,
    0.42188906088363254,
    0.4219092153129631,
    0.42162483475633095,
    0.4210234704117562,
    0.42159492598710924,
    0.42071105801118563,
    0.4189817368272484,
    0.42118150831050377,
    0.41745773838404276,
    0.41915956481478306,
    0.4192217124398825,
    0.41905160931060476,
    0.41723466506330337,
    0.4223085801653325,
    0.41628666607620735,
    0.4143317082717586,
    0.4166632900400481,
    0.4171522517682685,
    0.41732807212176243,
    0.4153284802282758,
    0.411183362800102,
    0.4199301707775301,
    0.40851672534165573,
    0.4055512419170642,
    0.40582375459720144,
    0.4072818572098074
  ],
  "val_loss": [
    0.5678428017082108,
    0.5344402466771321,
    0.5243911812600974,
    0.5150048761643323,
    0.49722438981237527,
    0.4928390464267215,
    0.4869619223522673,
    0.47994329011673587,
    0.4768348790614936,
    0.48974293256517004,
    0.4757381201845846,
    0.47166653139948955,
    0.4742421385904172,
    0.46502803656283875,
    0.46350810134510845,
    0.458992368966091,
    0.46103881561967225,
    0.45696988974013064,
    0.4553769291391577,
    0.4579162162703437,
    0.45650440412820886,
    0.45745029278925836,
    0.4527575601402667,
    0.45375203872438025,
    0.452154625606448,
    0.4502649224482178,
    0.44586842568922797,
    0.45184479488575446,
    0.4499691372037712,
    0.45095082003716985,
    0.44488774777458634,
    0.44770810083040874,
    0.4462448459358162,
    0.44466558915371107,
    0.44503560017895055,
    0.44627876231188207,
    0.44296340567978987,
    0.43965553068048135,
    0.4408291672727046,
    0.4416665455946162,
    0.4392972574096246,
    0.44355016232981154,
    0.4413726354800755,
    0.43931188862788156,
    0.4361956202028404,
    0.437347714243264,
    0.4395341675690369,
    0.4421320212909471,
    0.4374170621088033,
    0.4390115581543115,
    0.43858593019057074,
    0.43583794172856705,
    0.4378654633519367,
    0.4363769275333319,
    0.43306560382483056,
    0.43767247351106925,
    0.43742953383911465,
    0.4349488677371915,
    0.4351993360368314,
    0.43665351358286597,
    0.4322890646804301,
    0.43262355558692245,
    0.43299357786094156,
    0.4296944790761935,
    0.4323839476090775,
    0.4337184616092867,
    0.42888928959554085,
    0.43035079873508086,
    0.4308268252867799,
    0.4331351226440458,
    0.4340385953233493,
    0.433297816382761,
    0.43086520598408007,
    0.4301816240050253,
    0.4276704326313673,
    0.42844556553943736,
    0.42877029006101214,
    0.4319717836013378,
    0.4310732031135168,
    0.42843061768886426,
    0.4286934482584684,
    0.4293005957796767,
    0.42973362466273524,
    0.4339268466688602,
    0.42647612678149205,
    0.4272224165131195,
    0.42873219688807485,
    0.4287796671826042,
    0.42692092072152693,
    0.4292572478157054,
    0.42732040974322816,
    0.4284379893891298,
    0.43035299202491495,
    0.4303487404861521,
    0.42984936882820735,
    0.4265525475741544,
    0.425623834160923,
    0.4253356113738249,
    0.4241048890024507,
    0.4257013601670172
  ],
  "train_roc_auc": [
    0.72263229350234,
    0.8139609607587553,
    0.8287568543158946,
    0.8360981107001364,
    0.8453824433943204,
    0.8510490155988255,
    0.8561837807572821,
    0.8595313392521429,
    0.8611859403006565,
    0.8663874211994618,
    0.8663540367211583,
    0.8684721759590968,
    0.8709104587629704,
    0.8722635756997273,
    0.8730284721726101,
    0.8748462842295952,
    0.877236585837945,
    0.8764810813198607,
    0.8765406103727129,
    0.8798283191836599,
    0.8793167030352875,
    0.8806925534882696,
    0.8823112504796694,
    0.8810749258707263,
    0.8826377391635156,
    0.8816347576327437,
    0.8867392731400127,
    0.8851835574961812,
    0.8860119564055959,
    0.8872749655008397,
    0.8876105187330815,
    0.8890827910616761,
    0.8896621186991528,
    0.8888819715081113,
    0.8906416892502654,
    0.8892456457320151,
    0.890010341253198,
    0.8903702029350086,
    0.8915926482881744,
    0.8916659685284154,
    0.8924946184037663,
    0.8924800019465927,
    0.8930053609394323,
    0.893802170224117,
    0.8936481974242156,
    0.8953742017016696,
    0.8944230959692572,
    0.8952723029919493,
    0.8952471510525075,
    0.8972773685817792,
    0.8956360584737106,
    0.8977168065800354,
    0.8965939421937335,
    0.896271153363762,
    0.8970148474546865,
    0.8965512145407065,
    0.89809170076314,
    0.8981753154194874,
    0.8983215305639942,
    0.8997410435260923,
    0.8989481384422459,
    0.899546752292088,
    0.9002920604568121,
    0.8997891151185685,
    0.9013535566115425,
    0.8998084785305975,
    0.9011800203700702,
    0.9011008685078592,
    0.9002599394121292,
    0.9005886600773321,
    0.9017540818206906,
    0.9018497784432544,
    0.9031108134319157,
    0.9014548768659314,
    0.9026635628264079,
    0.9033479009421612,
    0.903002294973116,
    0.9033466582709015,
    0.9030159179297539,
    0.9032811910472847,
    0.9038462840166351,
    0.9028564221068833,
    0.9049653824004307,
    0.9040638214220224,
    0.9046797146367039,
    0.9038804544944918,
    0.905927227159984,
    0.9028469503640607,
    0.9056687164817528,
    0.9069033902536247,
    0.9055562675982672,
    0.9052519727144055,
    0.9055734921768549,
    0.9057001457380967,
    0.9082349018233742,
    0.9042143522885905,
    0.9090532192855156,
    0.9103877993105026,
    0.9094593145954304,
    0.9097895884060846
  ],