{
  "train_loss": [
    0.7784166435842574,
    0.6454974233448241,
    0.5735604531785639,
    0.5450016834004036,
    0.529527324615332,
    0.5160879568678521,
    0.5040936230412972,
    0.4906818283662057,
    0.4821567482508421,
    0.4750019661005865,
    0.4644084617031511,
    0.4591645516701142,
    0.45254716674161166,
    0.44758977247495835,
    0.4411249344144038,
    0.43763342171077063,
    0.43649771399979176,
    0.43062272981189503,
    0.4268859169070655,
    0.42212638687372933,
    0.42313606282414834,
    0.4195070108815285,
    0.4189529573364745,
    0.41468307220302236,
    0.410125071000115,
    0.4088662909250074,
    0.40957424181374585,
    0.40306322837958874,
    0.40600524754469525,
    0.4020435435379509,
    0.40059586002239994,
    0.40035298177102385,
    0.39761105107915007,
    0.39675724807820534,
    0.39684790879439147,
    0.391611845996837,
    0.38967744877343435,
    0.3916862914305999,
    0.39003658101391775,
    0.3781306948979435,
    0.378390120548656,
    0.37260134960889985,
    0.3765078921056804,
    0.3727659854668975,
    0.37221469203835766,
    0.3719745608968161,
    0.37051302431143857,
    0.3690547140176055,
    0.3669232816250702,
    0.36727752399595304,
    0.3670161973185239,
    0.3641200110619812,
    0.3610903110431023,
    0.3619631394182204,
    0.3598748779121034,
    0.35968559427050345,
    0.3610692933093633,
    0.3634151043294046,
    0.35796872639622573,
    0.3607160426140725,
    0.3590971845998275,
    0.3576063415159026,
    0.35806026530751467,
    0.35830213317573,
    0.35850767962576996,
    0.35508680291294187,
    0.3571678154071079,
    0.35809392089364794,
    0.36084326393457467,
    0.35772380630547423,
    0.3550943076136073,
    0.35442554852326674,
    0.35915148036314154,
    0.3566170310672679,
    0.3541738442279393,
    0.3571913039982947,
    0.35282580526922885,
    0.3559281088811289,
    0.3559267983185941,
    0.35594894424223894,
    0.3578275220367898,
    0.35428317239038337,
    0.35431549045861505,
    0.35705641623097095,
    0.3554546257995158,
    0.35558005888298505,
    0.3550323969905869,
    0.35583592542047887,
    0.35424630880160457,
    0.35568783010260835,
    0.35604031943264514,
    0.3552998726595707,
    0.35300880567275567,
    0.3560242301419646,
    0.3548965640688802,
    0.3563327460441397,
    0.3563956355105181,
    0.35656954202599506,
    0.35549921273236196,
    0.3568609962486266
  ],
  "val_loss": [
    0.6766583301258887,
    0.60839110290682,
    0.5392982736993702,
    0.5419619270606454,
    0.5127142356693023,
    0.5161481794639936,
    0.489068387383517,
    0.4869152383613231,
    0.47140838721036243,
    0.4856016000408162,
    0.47021806359513274,
    0.46713066370489437,
    0.4532894166073617,
    0.44447323974336517,
    0.4425831321012385,
    0.4349102610088572,
    0.4363825257871047,
    0.44686406703608567,
    0.4350099855789156,
    0.44486916417955574,
    0.4418836236000061,
    0.4353345487013334,
    0.43948681501173464,
    0.428232128944557,
    0.42539734653746647,
    0.44126229236754766,
    0.427300437632167,
    0.4248369577490939,
    0.4458082585221457,
    0.4348048659706382,
    0.4419564711969808,
    0.42885448045521724,
    0.4269626274468848,
    0.43553251333583326,
    0.4339856219313907,
    0.4302206491879626,
    0.4423698088273975,
    0.4321622431889274,
    0.4267966875603348,
    0.4245933608428852,
    0.43062292668492796,
    0.42658989788323837,
    0.4315686909983565,
    0.4319819155299319,
    0.4334857933230191,
    0.4268386233997256,
    0.4331148625920003,
    0.4323178511685783,
    0.42477693228886043,
    0.4295554113299182,
    0.42656021607555417,
    0.42733296232587914,
    0.4274226596504311,
    0.4272045116500108,
    0.4293068651828606,
    0.43134045967518003,
    0.4319795169290381,
    0.43054136361680295,
    0.4295577264676445,
    0.4310960342755189,
    0.43171231075079775,
    0.4344804706911227,
    0.43203806052225724,
    0.429342824615059,
    0.42923737441615756,
    0.4305824306615579,
    0.432632937013603,
    0.43189255589096764,
    0.4297093562399908,
    0.43275124534534054,
    0.42978687435805185,
    0.4306157593791549,
    0.4308050049040102,
    0.43117163390726654,
    0.43148321827104574,
    0.4330656723451748,
    0.4282609827309597,
    0.43272659790815865,
    0.4310801327506294,
    0.42833804298202677,
    0.4334740428477942,
    0.43155252694639223,
    0.42965650766782415,
    0.4337871165222246,
    0.4335473368685599,
    0.4300361210402216,
    0.432576511079534,
    0.4306582852934191,
    0.42948331073523677,
    0.4332076899936459,
    0.4292155707815709,
    0.4329866293092143,
    0.4300213409770013,
    0.429377653531015,
    0.42890601589206434,
    0.43126127726545094,
    0.4341446941185531,
    0.43213707316955,
    0.4342110481144442,
    0.4314281208039663
  ],
  "train_roc_auc": [
    0.5603363073558585,
    0.7472342104986907,
    0.8124964610584542,
    0.8320842882005607,
    0.8415530688248181,
    0.8495805461319086,
    0.856244552352263,
    0.8640466327650954,
    0.8686316502568183,
    0.8720683504790804,
    0.8784312306038342,
    0.8818639049767305,
    0.8853731005741229,
    0.8888936745492093,
    0.8924226324193762,
    0.8950736939959756,
    0.8957082344763805,
    0.8986506951832715,
    0.900161271411641,
    0.9024286421629107,
    0.9024293675426444,
    0.9037350657812288,
    0.9041855841925953,
    0.9062384036159628,
    0.9086057426174916,
    0.9094736298321946,
    0.9089374031889923,
    0.9116218110487097,
    0.9108047399023991,
    0.9123826249139801,
    0.9131382475793316,
    0.9139484345653242,
    0.9146219890828023,
    0.9149561279459153,
    0.915249684503868,
    0.9176114868079278,
    0.9180821669843765,
    0.9170600915355657,
    0.918271694073236,
    0.9236139459672043,
    0.9230800753227171,
    0.926007483053827,
    0.9238369664060594,
    0.9259742246487486,
    0.9261314638882934,
    0.9258999528568851,
    0.9269083284807037,
    0.9271690548860435,
    0.928389783923088,
    0.9281579796877335,
    0.928547333324546,
    0.9296507226293028,
    0.9307272149968417,
    0.9309397484908524,
    0.9314549805977932,
    0.9315999005448667,
    0.9307066879312552,
    0.9297210669471334,
    0.9322485763749253,
    0.9309377893825379,
    0.9313864797015279,
    0.9326929726550617,
    0.9321360252525374,
    0.9318900612427782,
    0.9319056092397999,
    0.9333554217230704,
    0.9325723623977857,
    0.9316709360717943,
    0.9313352634228751,
    0.9322790573230879,
    0.9330861313092442,
    0.9337791083900098,
    0.9313412492765117,
    0.9330159723521894,
    0.9337471917699246,
    0.9325251299154428,
    0.9338098810054396,
    0.9335087096278772,
    0.9329760351669922,
    0.9332029072414293,
    0.9322441551416232,
    0.9334996284258612,
    0.9334799037217869,
    0.9323725098828336,
    0.9328458236804471,
    0.9328751021997602,
    0.9332243956258401,
    0.9327767591629881,
    0.9333372256069747,
    0.9329226120231933,
    0.9326955522284159,
    0.9332124026320581,
    0.9343206328580909,
    0.9327162573819359,
    0.9333618352087074,
    0.9327384333063018,
    0.9328301802858986,
    0.9331586065415691,
    0.9332333455482018,
    0.9324797508390238
  ],