{
  "train_loss": [
    0.727066656502648,
    0.6278382852216483,
    0.5766249181193788,
    0.5571023797547893,
    0.5416459955869919,
    0.5300662038449632,
    0.522310705353521,
    0.5137268621269531,
    0.503125839924483,
    0.4986571645225917,
    0.49208081392403424,
    0.4880041074652327,
    0.4801905205980505,
    0.4798484235841478,
    0.4736346953564409,
    0.4740849037244096,
    0.46906833434741296,
    0.46474539925191866,
    0.4620950805013282,
    0.4575938906680223,
    0.4542790142358312,
    0.45677272730871765,
    0.45163092578191494,
    0.44802885932236863,
    0.44833858391770265,
    0.4436861260577572,
    0.4445340667234821,
    0.4425196950481971,
    0.4397288097957905,
    0.4377931195032789,
    0.4359406695813045,
    0.4351508457957652,
    0.4328363830927132,
    0.4328154761181088,
    0.431537500535317,
    0.43384682280876075,
    0.4260815877429888,
    0.4273641887704206,
    0.4253439870114573,
    0.4253520129771401,
    0.4214984802640425,
    0.42158952677760686,
    0.42280767884893067,
    0.41821499003847096,
    0.416752463214935,
    0.4168737827894197,
    0.41697436508320723,
    0.4153698889049761,
    0.41314097241812753,
    0.4144303862313369,
    0.41116759359655153,
    0.41090103191895105,
    0.40836997807821385,
    0.4080060314752547,
    0.40690511762328296,
    0.4054665160846219,
    0.40136108583210506,
    0.40563642772822156,
    0.3977175437993787,
    0.3936283261567752,
    0.3899520242683113,
    0.3939175451633607,
    0.38730283566839774,
    0.3897423661095676,
    0.38741403044288875,
    0.3884884537633982,
    0.38533099407726584,
    0.3845008030983861,
    0.38611076805357686,
    0.38764847260647983,
    0.38409477495332145,
    0.38433102223332216,
    0.3840953497104024,
    0.3836196942132353,
    0.3833601206185192,
    0.3844694451589658,
    0.38209918068795595,
    0.3817722870381926,
    0.3812110796658001,
    0.3789397086158789,
    0.38300805464753274,
    0.3819599437842015,
    0.3783780219361755,
    0.3768239344654025,
    0.3751053741318201,
    0.3746341407871224,
    0.37508010111349693,
    0.3759000066696579,
    0.3766713552831124,
    0.37560020215169126,
    0.3736069460951788,
    0.37654017331002326,
    0.37634457580464364,
    0.37141475194484674,
    0.37256009758453795,
    0.37336019781232577,
    0.3744022999594681,
    0.371915054897658,
    0.3729590546314456,
    0.3705619130989227
  ],
  "val_loss": [
    0.6543355790788841,
    0.5641207335601871,
    0.5441197863496139,
    0.5225282523638716,
    0.5190047187329672,
    0.5051356729012388,
    0.49902868159774966,
    0.49398975447861815,
    0.48340856573455043,
    0.484593775321253,
    0.47568481330102774,
    0.47318566417649655,
    0.4704603065648928,
    0.46600082519447705,
    0.4701569866100873,
    0.46635064929862613,
    0.4615797411028959,
    0.46370820583079536,
    0.45636969971412383,
    0.45663345040612874,
    0.4574845770698558,
    0.4539938828207462,
    0.4545071034762533,
    0.44284212919783617,
    0.4457269779511511,
    0.4500285198726281,
    0.43960830635926706,
    0.449636778704829,
    0.44882783938098597,
    0.43950557442102495,
    0.436692473439557,
    0.4430643252313193,
    0.44175190114019525,
    0.4419182711467494,
    0.43142891405124256,
    0.44412295768889776,
    0.44126738300972307,
    0.434868699434419,
    0.43773925946009906,
    0.4324451020301666,
    0.4386241234915343,
    0.43429306268914214,
    0.4366376596083734,
    0.4298604584584587,
    0.4331332710671403,
    0.431902400989568,
    0.42968229334263297,
    0.43995379037870386,
    0.44038104769345876,
    0.4298499607917647,
    0.4422165153466533,
    0.4319087107772596,
    0.4345236261482008,
    0.4367635957792554,
    0.4306338959115749,
    0.4336176948467372,
    0.4339065995043055,
    0.43343912346943003,
    0.4275277764688334,
    0.42403073874124275,
    0.42774561936346484,
    0.4246209235193567,
    0.42825913484809786,
    0.42383588210289874,
    0.42537214346611935,
    0.4282708136088806,
    0.42383896674047755,
    0.4261038268379041,
    0.42577872785695337,
    0.4267833360643556,
    0.4225739224259251,
    0.43039014727182734,
    0.4254592894007975,
    0.43561047323929963,
    0.42499588267445454,
    0.4240820830877096,
    0.4259253767252191,
    0.42945925356735165,
    0.4254706025345794,
    0.4266310204497477,
    0.4230063029071047,
    0.42530109953458134,
    0.42378484444538234,
    0.42661174223562986,
    0.423594781120359,
    0.4243638229392337,
    0.4255157126129396,
    0.42466048194999906,
    0.4248487697454223,
    0.4237886537265689,
    0.42556498296218614,
    0.4236166601078819,
    0.4254577582335761,
    0.42492443237033606,
    0.4259771783831846,
    0.4256903675262437,
    0.4248499432292256,
    0.4252462843424343,
    0.42629666050127035,
    0.42479454793334565
  ],
  "train_roc_auc": [
    0.6372426211605491,
    0.7676375871339882,
    0.8089961229895548,
    0.8236588551524832,
    0.8341550236311464,
    0.8411191781900318,
    0.8464770845313432,
    0.8505918586079442,
    0.8565809842517825,
    0.8587296310155473,
    0.8629056082094754,
    0.8656763471579706,
    0.8699498358985213,
    0.8698594057739578,
    0.8737962210446522,
    0.8730201210987015,
    0.8759266914562016,
    0.8784023324417882,
    0.8793651154274195,
    0.8825845173848182,
    0.8840760404629544,
    0.8830501568566175,
    0.8856848858373074,
    0.888204490244247,
    0.8883571210497279,
    0.8907079269216964,
    0.8901953059005915,
    0.8912851287943626,
    0.8924771273783388,
    0.8940403671876141,
    0.8953352167472532,
    0.8952774178213121,
    0.8967479181216136,
    0.896651557306111,
    0.8978099481469507,
    0.8963667206943592,
    0.8999930921223874,
    0.8998168225054949,
    0.9005714311807201,
    0.9010797156491535,
    0.9026507475040143,
    0.9026409564952709,
    0.9018487682990162,
    0.9048249466646741,
    0.9053510626705453,
    0.9054817838699072,
    0.904606151513788,
    0.9058646593952064,
    0.9074751117088607,
    0.9067922203747877,
    0.9078728941025019,
    0.9081319948613173,
    0.9095514646776474,
    0.9091749747550917,
    0.9099161298490835,
    0.9112066115717594,
    0.9126531306299162,
    0.9112830096516575,
    0.9143282895669436,
    0.9165584718954013,
    0.918265901870986,
    0.9161387266311702,
    0.9189093620320106,
    0.9177701907133176,
    0.9191452827087252,
    0.9181981908511351,
    0.9197754046307911,
    0.9197906047577429,
    0.9198605882859557,
    0.9192494383053257,
    0.9204850495541522,
    0.9203919900241233,
    0.9203958325735668,
    0.9206034076504406,
    0.9208057250467577,
    0.9206431559170044,
    0.9208688079565709,
    0.9212917938348315,
    0.9216095391643898,
    0.9226159066951878,
    0.9206787831937153,
    0.9215357876770405,
    0.9226165919586762,
    0.9235764219516098,
    0.9238713037039438,
    0.9245806833038234,
    0.9244086464704685,
    0.9240406845401581,
    0.9235517143980796,
    0.9241236219950084,
    0.9249077291741691,
    0.9238654902848604,
    0.9238202740849748,
    0.9262997584498689,
    0.9251162453778469,
    0.9252715042608037,
    0.9242784631266103,
    0.9257887504704034,
    0.9252870575569173,
    0.9264209864696724
  ],