{
  "train_loss": [
    0.7544330500015691,
    0.6312111817305553,
    0.5682522062673638,
    0.5447713101086028,
    0.5294501268034711,
    0.5188008081686912,
    0.507797534921861,
    0.500691060912718,
    0.490068156988273,
    0.4802747965138122,
    0.4754477218369136,
    0.467692004136865,
    0.462578336100086,
    0.45752157290795176,
    0.45654661738880903,
    0.4502315236474892,
    0.4474840282807722,
    0.445481293062169,
    0.44501002808695683,
    0.4388794485271131,
    0.4355969265316164,
    0.43506732627006306,
    0.4328865979195646,
    0.4275857243862233,
    0.42840369956690433,
    0.42575335819418103,
    0.4225430983872973,
    0.41903961805905426,
    0.4179195706974397,
    0.4175629315457783,
    0.415685771646781,
    0.412498362999112,
    0.4095996101701938,
    0.4069570958879507,
    0.4074920153930466,
    0.40671370463331086,
    0.4037829990605788,
    0.4035566901887114,
    0.3983921834440595,
    0.39928215651399385,
    0.3991867005266816,
    0.3938779766597002,
    0.392674450690393,
    0.39344298601625005,
    0.3908006184708455,
    0.3893482231948672,
    0.3878445367055597,
    0.38353924628053215,
    0.38505747601009593,
    0.38605883448192596,
    0.3832902363565816,
    0.38449359598134114,
    0.3815494735440223,
    0.377313873243678,
    0.37795493297681854,
    0.37862659053315717,
    0.36756858815775073,
    0.36151349675708394,
    0.364769430824533,
    0.3619396459565066,
    0.360760027248333,
    0.35643580431710414,
    0.3585658912998093,
    0.355219208944377,
    0.35629607646701433,
    0.3553419077502456,
    0.35590495189747356,
    0.3501709749731574,
    0.3517110291087803,
    0.35200842310661623,
    0.350438333707625,
    0.34913285953382844,
    0.3492857477852512,
    0.34764278606295557,
    0.347929066997366,
    0.3473277188692738,
    0.3450378258888126,
    0.347770688740885,
    0.3461901111782532,
    0.3480492640898117,
    0.34784770394984854,
    0.34543682525627395,
    0.34844926220838707,
    0.3467135115868312,
    0.34428885487001804,
    0.347075756261567,
    0.3454270866723285,
    0.3438957961430122,
    0.3471064738941483,
    0.345174538094164,
    0.34654486647564364,
    0.3450478041264135,
    0.3441630983709926,
    0.3442415163301244,
    0.3449492143596595,
    0.3422712845982056,
    0.3421939591757449,
    0.3449992705664236,
    0.34488320306686626,
    0.3441001246403096
  ],
  "val_loss": [
    0.6774221097656421,
    0.5791520925181443,
    0.5545566522508498,
    0.5210634346666008,
    0.523583631035555,
    0.5144900708474073,
    0.5053550618225908,
    0.4943790151932922,
    0.5139250525335007,
    0.4854227705803966,
    0.4731039232943287,
    0.4719116535013453,
    0.46338891649735053,
    0.46142672589751793,
    0.46489992790542134,
    0.46266645279201746,
    0.4515878416785323,
    0.447612463955777,
    0.44636093159201873,
    0.44695876654018785,
    0.44252055583440136,
    0.44209829853276505,
    0.44226919982551083,
    0.447006744501864,
    0.4384026056900273,
    0.43413136253708007,
    0.43507218066488373,
    0.4451869713960134,
    0.43062128664062943,
    0.43659256241750405,
    0.4350581422434271,
    0.4335606990300487,
    0.4369675317937152,
    0.44386327683314586,
    0.43354612872185044,
    0.4306642397585475,
    0.4301773705220289,
    0.4272661316872532,
    0.42978551072821036,
    0.4327989984980723,
    0.4308534774231444,
    0.43262070645157247,
    0.4309440295994004,
    0.4379993765740781,
    0.4263988219180734,
    0.4303689417667958,
    0.430649927144615,
    0.4464027630260695,
    0.42708546156541055,
    0.4365915296128834,
    0.4289780613816129,
    0.4281391953322116,
    0.4294916510248673,
    0.4383233675085709,
    0.43647562068750784,
    0.4378906376486278,
    0.4306245961427022,
    0.4279052183268121,
    0.43049971163550604,
    0.42986395577348957,
    0.4318249986089509,
    0.42679670275313103,
    0.428773141335019,
    0.4323580282821015,
    0.4286906262312886,
    0.4315783943623332,
    0.43282960342783183,
    0.43088474180913927,
    0.43037131884224705,
    0.43000713576808336,
    0.4309607663947849,
    0.43257606068395166,
    0.430362552015557,
    0.43399921531779456,
    0.4315918808992178,
    0.4339824879936048,
    0.43429612632899894,
    0.43137819619236545,
    0.4324148860582101,
    0.43239360253386483,
    0.4324577626844266,
    0.4311900743789353,
    0.43303280768834423,
    0.43239498216197075,
    0.43332082955279533,
    0.4340304597337337,
    0.4355657100121995,
    0.43412806295059825,
    0.432824964097806,
    0.4335486170630086,
    0.4338609365970313,
    0.4337031700182272,
    0.432654491203029,
    0.4343172101250121,
    0.4342460305970735,
    0.43306599855978467,
    0.4345339587772437,
    0.43313402145795477,
    0.4348226042129342,
    0.43303010609254367
  ],
  "train_roc_auc": [
    0.5728113517255017,
    0.7667093025418081,
    0.8171342686522307,
    0.8327103566732172,
    0.8413944640652108,
    0.8464719229312264,
    0.8533241945868774,
    0.8581189416656314,
    0.8647764994409929,
    0.8702687356274027,
    0.8731043156768806,
    0.8771698970794245,
    0.8803812416057991,
    0.8832651325690575,
    0.8845093873843725,
    0.8880101395470507,
    0.8894920205979955,
    0.8901806396940368,
    0.8908410208077577,
    0.8938458364526954,
    0.8956766454554483,
    0.8967428057748982,
    0.8970109821774924,
    0.8999285812052946,
    0.8994686077495321,
    0.9008383996173641,
    0.902411845289173,
    0.9041519580131496,
    0.9049356338833668,
    0.9051304173184382,
    0.9063178613010188,
    0.9075095882304092,
    0.9089792673529884,
    0.9101905357980282,
    0.9099132007642545,
    0.9109780885408842,
    0.911651616400031,
    0.912222512269104,
    0.9145240627812876,
    0.9139549935763526,
    0.9143245935688185,
    0.916727686847404,
    0.917013519675439,
    0.9166671572427952,
    0.9177247326975667,
    0.9194413694459209,
    0.9193902206641339,
    0.9214574720907114,
    0.9206549413947381,
    0.9199742665471589,
    0.9212818269773644,
    0.92154878699241,
    0.9224790647712182,
    0.9244600799024769,
    0.9240495013990094,
    0.9241918578636937,
    0.9282431042030488,
    0.9312664195366491,
    0.9299156126262004,
    0.9306302400882398,
    0.9312738631122333,
    0.9334020373641633,
    0.9318107543360291,
    0.9330066455978828,
    0.933116916525634,
    0.9336375650024111,
    0.9334920364519724,
    0.9356105241361923,
    0.935007095434743,
    0.935180533028074,
    0.9357042985622286,
    0.9361246976111839,
    0.936299615713653,
    0.9368322992332727,
    0.936526196248419,
    0.9363857388733288,
    0.93766443827168,
    0.9365144811610653,
    0.9372224222783407,
    0.9366670478058929,
    0.936202734178473,
    0.937413379211062,
    0.9362739210942723,
    0.9371850723966396,
    0.9382187323656637,
    0.9366237443680163,
    0.93765878023216,
    0.9382663389249664,
    0.9369145732545772,
    0.9378778911790543,
    0.9368259028183518,
    0.9377979934443679,
    0.9381172302972989,
    0.938303812255385,
    0.9377900257004486,
    0.9388639333887976,
    0.9384700198160818,
    0.9375098193831426,
    0.9373955318278566,
    0.9382572675036591
  ],