{
  "train_loss": [
    0.7292668718109363,
    0.624226724576738,
    0.5689343889349658,
    0.5497204993932818,
    0.5330657325676302,
    0.5172861135137135,
    0.506154909377577,
    0.49817373268471976,
    0.49268704179689216,
    0.4816168716726413,
    0.4766697915634208,
    0.4706282446100293,
    0.4681415222436922,
    0.4644990939916478,
    0.4602838275835068,
    0.45429591875365455,
    0.4548518349054797,
    0.4495410265994558,
    0.4500715617161114,
    0.4469053351022242,
    0.440208391279673,
    0.4415271959813354,
    0.44014011267280445,
    0.4359486880807066,
    0.43500311855855633,
    0.4334963003552454,
    0.43163942218915385,
    0.4287181753264856,
    0.43114766833710183,
    0.42998048642205844,
    0.42546089806117937,
    0.4248128213499503,
    0.42260993150128495,
    0.4201131916749508,
    0.4173325383462216,
    0.4184342280703611,
    0.41764797330656256,
    0.4160541019613306,
    0.4146229079849294,
    0.41330819434456456,
    0.41271517283602194,
    0.4089413027773415,
    0.4028283539671888,
    0.3988903602652794,
    0.3981407441668085,
    0.3965808526047832,
    0.3958368151228647,
    0.39640881035680153,
    0.39566791179000954,
    0.3922965012035446,
    0.3928034412891573,
    0.3916775462387932,
    0.3925655710211517,
    0.3918066608615514,
    0.3893927599222089,
    0.39010009452180766,
    0.38933625987558,
    0.3866422413677166,
    0.3859603107743117,
    0.3867327199694536,
    0.38743977274835545,
    0.3870646595759516,
    0.38789054795356526,
    0.38710162239648566,
    0.38555520870623616,
    0.38489886051428956,
    0.38181696297329165,
    0.3844844708814467,
    0.384867130314486,
    0.3840470510870532,
    0.38172845798866223,
    0.3839515705238151,
    0.3797656685092973,
    0.3807109093546058,
    0.3805917912653251,
    0.3789531189910815,
    0.3789947559824595,
    0.375129048291483,
    0.37743610064811994,
    0.3757016691927663,
    0.37887034898227395,
    0.37801218757833704,
    0.37804489053682877,
    0.37419264069822683,
    0.37765435170049944,
    0.37801801819233055,
    0.37441942494888547,
    0.37363212201696344,
    0.37502309411338497,
    0.37693199250882864,
    0.37780394931778477,
    0.37201071973847327,
    0.3748446455802328,
    0.37649992649127045,
    0.37410705338956823,
    0.3729904792440549,
    0.37603099956442115,
    0.37363891709300234,
    0.374461887215485,
    0.37322079475940295
  ],
  "val_loss": [
    0.6454706735290997,
    0.5559983139046973,
    0.5311294295803365,
    0.5166926131777305,
    0.504758792732324,
    0.4989974687061683,
    0.4891139033900614,
    0.4849055754949529,
    0.47238102541387583,
    0.4707390392148817,
    0.4631467764053185,
    0.4613503668481573,
    0.4492204851173177,
    0.45037181585166125,
    0.4510645134806744,
    0.44567398361702,
    0.44982721296183326,
    0.441795990884804,
    0.44002312335696936,
    0.44210402091196066,
    0.43685841579806106,
    0.4336119969926587,
    0.43659816250441125,
    0.4302021383628152,
    0.4330361883215891,
    0.4322194931724865,
    0.4257027829015577,
    0.4359312698258936,
    0.4248563503952417,
    0.42747283790118207,
    0.42040872698838977,
    0.42999129720858514,
    0.4287911416877683,
    0.4355732367234261,
    0.4296302980667836,
    0.4251943118974414,
    0.4256172651513536,
    0.42701270040350325,
    0.4295691975287378,
    0.42546986230932876,
    0.427814351406924,
    0.4219828560490088,
    0.4224796037693948,
    0.41907128719448045,
    0.41991751638951974,
    0.41969950023590685,
    0.41990383220741045,
    0.4184399506308048,
    0.4194947548925821,
    0.42033245112444906,
    0.4197933741629068,
    0.418894474293068,
    0.4179531181958493,
    0.4173872783044067,
    0.42026829758428125,
    0.4184545462140388,
    0.41978340396676683,
    0.42462944201187675,
    0.419341325843212,
    0.4213892035915378,
    0.41503385384284996,
    0.42141136157657094,
    0.4202688046681581,
    0.41981551134464123,
    0.4217750927830898,
    0.42040958050690513,
    0.4214372645997601,
    0.41947257052152265,
    0.4169692282407837,
    0.41977306228315064,
    0.4192188624066942,
    0.4208337989013437,
    0.4195385362539798,
    0.4183865103172789,
    0.41704079839301134,
    0.41909278800080896,
    0.4191642077526864,
    0.42043057970098546,
    0.41819866283519846,
    0.4224346045123453,
    0.41922309772499455,
    0.4188626600222841,
    0.4203893547844687,
    0.41889565188753636,
    0.4193619817967517,
    0.4195198767782924,
    0.41950101179712196,
    0.41948637505168684,
    0.42014390071862673,
    0.4197799162895793,
    0.4187893952205708,
    0.4203279251710122,
    0.4193605298153841,
    0.4202367487013729,
    0.4199740303973672,
    0.4196368121200928,
    0.41986056334596866,
    0.4198449192098225,
    0.41982554245084,
    0.4197518010897161
  ],
  "train_roc_auc": [
    0.6322129217693533,
    0.7726033954563809,
    0.8154174690458171,
    0.8296338604000136,
    0.8397411615990683,
    0.8492414911349613,
    0.8557656218281442,
    0.8604603705088654,
    0.8633851015770315,
    0.8696199240604625,
    0.8724753450663215,
    0.8761230309925159,
    0.877399429416503,
    0.8790335856361491,
    0.8818625636775013,
    0.8856230720041413,
    0.8848740576769468,
    0.8880461819087224,
    0.8874019217105167,
    0.8889298102069295,
    0.8927226637874124,
    0.8924157718058768,
    0.8930358951057168,
    0.8956457057327959,
    0.8959005672418328,
    0.8968279080242868,
    0.8969800322127564,
    0.8987667640631156,
    0.89809854252671,
    0.8984045054469316,
    0.9005859393602387,
    0.9011301275131185,
    0.9024679686308964,
    0.903439116669419,
    0.9043016848061717,
    0.9045621478094898,
    0.9049735513682241,
    0.9056864989469622,
    0.906063990251162,
    0.9062535145020245,
    0.9077771976645003,
    0.9090106927559135,
    0.911595463332191,
    0.9133369789715312,
    0.9138141531635411,
    0.9138575357892951,
    0.9147375185088417,
    0.9140566647853082,
    0.9151652776133865,
    0.9163526217160287,
    0.9162741019840779,
    0.9164307754951302,
    0.9164863584008087,
    0.9170357925758024,
    0.9176673629231331,
    0.9174938369193294,
    0.9177197006715974,
    0.9192097738203617,
    0.9189784788497803,
    0.9189882789906059,
    0.9194899473636903,
    0.9187013216351166,
    0.9188978000302548,
    0.919182476507992,
    0.9192374706633893,
    0.9195829171999831,
    0.9217134602979954,
    0.9205275977145424,
    0.919645889184032,
    0.9198415419946264,
    0.9212625068385961,
    0.920221771937449,
    0.9221706335721394,
    0.9214410573712213,
    0.9219989780947275,
    0.9226307693792553,
    0.9222570060274884,
    0.924101222282005,
    0.9230079247484657,
    0.9238754635804372,
    0.922046549530206,
    0.9227301160810247,
    0.9227394815255858,
    0.9244112805285702,
    0.9226384287502702,
    0.922889966538506,
    0.9242700443972384,
    0.9242808782332191,
    0.9240490032539389,
    0.9231125742075729,
    0.9226275471924661,
    0.9256798033657273,
    0.9239634475979802,
    0.9231566074578897,
    0.9244030341506597,
    0.9244982775824799,
    0.9233742707063544,
    0.9247000743969961,
    0.9242761757235486,
    0.9247720446017045
  ],