{
  "train_loss": [
    0.7177366664442573,
    0.5794925812925786,
    0.5417688502357705,
    0.516059538124038,
    0.4998364109843376,
    0.4900413697733306,
    0.47931817384688363,
    0.47200064268639147,
    0.4668267615099362,
    0.4607059083228311,
    0.4569834631936831,
    0.4511438754494702,
    0.44778368110066136,
    0.44594543689420985,
    0.44043621570185904,
    0.4382804670983638,
    0.4387111307390678,
    0.4361673530092621,
    0.43053024561364434,
    0.4316261584949672,
    0.42731207002105215,
    0.4293599255649917,
    0.4237861622485141,
    0.42540515765627995,
    0.42208141927221177,
    0.42162814784513314,
    0.42070826414289586,
    0.4183711416825732,
    0.41624742111370394,
    0.4138501292996037,
    0.41321251288953026,
    0.4149429127347187,
    0.40995681466584016,
    0.41085221730582583,
    0.4099694917476085,
    0.40825334471133407,
    0.4052878887863802,
    0.4048468857354678,
    0.40525293977526866,
    0.40418207707518966,
    0.40433093899866646,
    0.3956668361710933,
    0.3932665980370199,
    0.3929288025846863,
    0.39034822578314066,
    0.3927760616911292,
    0.390424776024239,
    0.3913857096100099,
    0.3892888815655303,
    0.3883792192155543,
    0.38829488781206895,
    0.38793957487422054,
    0.38718159538302316,
    0.3835091768885853,
    0.3843749108735417,
    0.3832585103853445,
    0.3832640971868944,
    0.3824840674520906,
    0.38279762192845374,
    0.38318684690871135,
    0.38282042810158273,
    0.37949593205748944,
    0.38178203032519714,
    0.38096526530999764,
    0.3797293893558531,
    0.38081623409035,
    0.3821501150060889,
    0.3811280203839706,
    0.38278567573276734,
    0.379058810195608,
    0.37979300532623467,
    0.37976489917535855,
    0.3803974443340547,
    0.3810087357198737,
    0.38036449609079676,
    0.37964732796686423,
    0.3816710916650683,
    0.3788456905156102,
    0.3815052062307915,
    0.3794918540586942,
    0.37903059165278463,
    0.37671390357940826,
    0.376240266790102,
    0.37810265225232054,
    0.3795434791054834,
    0.3768924583989043,
    0.3769651420625527,
    0.3787815080568791,
    0.37710579587100845,
    0.3796582205796292,
    0.3793419037817569,
    0.3785914977158966,
    0.37822067454279346,
    0.3760230362317624,
    0.3805880684730907,
    0.38081848117568906,
    0.3758040546073034,
    0.3778007047931642,
    0.3778382621808455,
    0.38011490517856084
  ],
  "val_loss": [
    0.6363301444364727,
    0.5413783127641634,
    0.5124433935521812,
    0.4916644405785389,
    0.48579359876698464,
    0.5020451043547589,
    0.46718226335699714,
    0.4706415256549572,
    0.4648468660786123,
    0.4472170129404486,
    0.47207335070928236,
    0.46620660106489176,
    0.4422275564266162,
    0.46330822183501463,
    0.44789902447876484,
    0.44735801469913067,
    0.4742376294129381,
    0.4375495370147613,
    0.4371247793454937,
    0.43784484569979737,
    0.44068709090838115,
    0.4517191684868218,
    0.4310357179857256,
    0.44417416049516434,
    0.42674049354555,
    0.43684214342451494,
    0.43061152753270016,
    0.4547894097107765,
    0.4279948604351321,
    0.4189397393268397,
    0.4248827510033383,
    0.4271054456473952,
    0.4191946785025583,
    0.4343629564954539,
    0.42494479268928165,
    0.43338199122309795,
    0.44483558004522367,
    0.43434855594661675,
    0.43001204795739634,
    0.4374173128871527,
    0.43167750216596945,
    0.4142845389116399,
    0.4183670489285888,
    0.41502053675980405,
    0.4239707494437528,
    0.4165793854503685,
    0.4189895047612648,
    0.415772989045096,
    0.41784432905362456,
    0.41616078161348946,
    0.4201464073911295,
    0.4181739702362494,
    0.4203842014268749,
    0.4179478547390887,
    0.4164484067987529,
    0.4148224672200184,
    0.41803648612372585,
    0.41383920647446953,
    0.4160670470047086,
    0.4145347457951957,
    0.4149938069651978,
    0.4173304671621278,
    0.41650046392900303,
    0.4169170845643672,
    0.4166192483479801,
    0.41804474683865583,
    0.4168913594663199,
    0.416387698079311,
    0.4154666746373723,
    0.41812307114703345,
    0.4173978890143925,
    0.4157674163163319,
    0.41641380752455043,
    0.41909784161922314,
    0.4204862341909684,
    0.41887004197143773,
    0.4165735386402276,
    0.41777543080597423,
    0.41585132226917304,
    0.4156732933607928,
    0.417978245219891,
    0.4191925282358345,
    0.41678947002001154,
    0.4172511077993736,
    0.4151710563748103,
    0.4162359520973497,
    0.41483639723656895,
    0.41493986020661466,
    0.4169421658433717,
    0.41726807498643026,
    0.4165615028903958,
    0.41756210064399163,
    0.4164913619442288,
    0.4170320732284681,
    0.41627326918781526,
    0.4176880883648367,
    0.4166705171470873,
    0.41849861051696324,
    0.41493800604665604,
    0.41617989290127216
  ],
  "train_roc_auc": [
    0.6676777389731532,
    0.8100783710350016,
    0.835317040261919,
    0.850914250908019,
    0.8609850174005959,
    0.8664626625357278,
    0.8724036577073463,
    0.8768757002208074,
    0.8794378410561747,
    0.8825431441538963,
    0.8852722689395726,
    0.8881550880311617,
    0.889849995894521,
    0.8909630874150366,
    0.8932991023660719,
    0.8948060515503666,
    0.8941038860354555,
    0.8959292522659856,
    0.8984398472418255,
    0.8983902688718698,
    0.8999686811350645,
    0.8992672153851349,
    0.9023303434727354,
    0.9006926005677264,
    0.9027097803200503,
    0.9036015907837127,
    0.9033294388812133,
    0.9049216434327703,
    0.9058129916853971,
    0.9076061707518543,
    0.9070443256667302,
    0.9065337606223816,
    0.9089400734475495,
    0.9083905606755089,
    0.9092588998816656,
    0.909927256884689,
    0.9110201351023821,
    0.9115603324154883,
    0.9115470463997115,
    0.9117759298547986,
    0.9123088539019523,
    0.9155007008507109,
    0.9166020759295965,
    0.9170691733410175,
    0.9178717103740193,
    0.9174045304232763,
    0.9180553654451198,
    0.9177011775498566,
    0.9186028047736423,
    0.9188426760214679,
    0.9191555760555868,
    0.9194631677547959,
    0.919652430837052,
    0.921112347854342,
    0.9208903702935645,
    0.9211677354491945,
    0.9209190160885515,
    0.921271389388236,
    0.9217855819005389,
    0.9212868189726194,
    0.9213003728233051,
    0.9229522908169788,
    0.9221391328668327,
    0.9224264130140604,
    0.9227842916801555,
    0.9219537856813784,
    0.9215252584491622,
    0.922233655597222,
    0.9216476391486618,
    0.9232566250661598,
    0.9222508286907014,
    0.9229694037503473,
    0.9224306350014586,
    0.9221040966991438,
    0.9221389222081989,
    0.92272867515745,
    0.9216419590443399,
    0.9229388004139223,
    0.92212169672574,
    0.9227580088653414,
    0.9228321001304571,
    0.9241132228663573,
    0.9239796253027742,
    0.9234135601702611,
    0.9229076935126499,
    0.9238937975780291,
    0.9241670337830901,
    0.9227933776556815,
    0.9239073041976908,
    0.9226822213205786,
    0.9232682417835343,
    0.9232852141521444,
    0.9236680050538091,
    0.924352536342215,
    0.9220955206029634,
    0.9224948232191961,
    0.9245786035514512,
    0.9240242732819088,
    0.9238161311725407,
    0.9226878529179803
  ],