{
  "train_loss": [
    0.760474524476215,
    0.6913960676817335,
    0.6468220399040664,
    0.6154946854677783,
    0.631133480684396,
    0.60345490793522,
    0.5793368053838203,
    0.5624172802804309,
    0.5443785043350011,
    0.5321735630295534,
    0.5233470854198757,
    0.5116198832412091,
    0.5046913663234568,
    0.4950451805884094,
    0.4897135626834328,
    0.4824325318457622,
    0.47654604285194846,
    0.4714393229848522,
    0.4646768567992496,
    0.46380402521432856,
    0.4584264423104199,
    0.45041268961375447,
    0.45152249983925086,
    0.44534915059044333,
    0.44429474965076315,
    0.4427056559436747,
    0.43714816331361,
    0.43682316407557814,
    0.4329685716669779,
    0.43252193175554554,
    0.42844586609900903,
    0.4235066998286818,
    0.4223158858233273,
    0.4220608951991851,
    0.4159627691193895,
    0.4112414497732977,
    0.41310528347766307,
    0.41211456630498455,
    0.40925905709941,
    0.4034102044962966,
    0.4025335101298665,
    0.40160127753425445,
    0.39881934588755413,
    0.3990953589275608,
    0.3935582932530508,
    0.3920681998395328,
    0.39251210857152213,
    0.38484507995923434,
    0.3860798199013228,
    0.38340926844407736,
    0.3831893428375112,
    0.38130449676536,
    0.38009229183085375,
    0.3777891762347055,
    0.3741625433530832,
    0.37189150280121813,
    0.3569321770267223,
    0.35090664899257107,
    0.35091482747971553,
    0.34904222086759285,
    0.3504739903407252,
    0.3455358114127559,
    0.34606219034400376,
    0.3469407286235918,
    0.34196847120399804,
    0.34048539181694554,
    0.3403051348947803,
    0.3350088938955567,
    0.3320361620032852,
    0.32955148610262647,
    0.33203758857228444,
    0.3339184033692065,
    0.3295529780818271,
    0.327619351867043,
    0.3279130136665263,
    0.3314377399454963,
    0.32876425322814223,
    0.3300518993540353,
    0.3229838712060237,
    0.3286719712544537,
    0.32758837650124234,
    0.3263208907428153,
    0.3216795959075757,
    0.325133383539236,
    0.3274298654496321,
    0.32378913149206234,
    0.3277000016893723,
    0.3260723352222916,
    0.32497389845199426,
    0.3241423769818902,
    0.32580709116879236,
    0.32549128586697207,
    0.32669128453499874,
    0.3270388670602355,
    0.3266526720362507,
    0.3280669748922668,
    0.3221134868516098,
    0.3277222014330389,
    0.3235173071332292,
    0.32248000967030893
  ],
  "val_loss": [
    0.7165024558295742,
    0.6492918184285729,
    0.5929715630614858,
    0.5846673995673045,
    0.6464380868550005,
    0.5648090466648645,
    0.5498623031938843,
    0.5268484374016995,
    0.516758688009463,
    0.5091462473611574,
    0.5163129703085332,
    0.49866595022720595,
    0.48734493218952546,
    0.4886436119661749,
    0.4771576966232822,
    0.4695725038522665,
    0.4722906610505779,
    0.46222152889385915,
    0.46093413253199356,
    0.46840183524361084,
    0.4684534397840722,
    0.4561406593676049,
    0.4525708054285236,
    0.4587011578087482,
    0.4522996316251639,
    0.45613043400470277,
    0.44455217487436527,
    0.4490563425357833,
    0.4416437581223188,
    0.4394891728114993,
    0.44449548541333,
    0.4461560982582398,
    0.44305640603489443,
    0.43768889634051505,
    0.43929801677168806,
    0.4462983945709239,
    0.4629880846213317,
    0.43866185345387526,
    0.43743149021020694,
    0.4409860005916443,
    0.451978775100628,
    0.436975034424221,
    0.4414255173819596,
    0.4345706113842416,
    0.4313166949755659,
    0.44550149771840575,
    0.44344884182178074,
    0.43700876368169794,
    0.4462208557606632,
    0.45376479097981376,
    0.45694998314973917,
    0.44839347261529267,
    0.447623544309257,
    0.4353727052285087,
    0.453544585647032,
    0.4419423818643806,
    0.4542818339706467,
    0.4474678120653094,
    0.45665844880523576,
    0.45848207293774407,
    0.4503787393505509,
    0.45829263215629384,
    0.4475310245409039,
    0.45504713536197633,
    0.4586638897962917,
    0.4566514750062475,
    0.4595311244902828,
    0.456798368820162,
    0.45598683252805655,
    0.45508833805868143,
    0.4574667930547478,
    0.4562176950657801,
    0.4587292466781346,
    0.459093324319292,
    0.46143948923508255,
    0.4667432128772042,
    0.4604676967453757,
    0.4630244702572925,
    0.4643926430504009,
    0.46347814253969716,
    0.46457560053520525,
    0.46151412386040985,
    0.46870505184851735,
    0.46676499709723046,
    0.4642254143869999,
    0.4649018714445724,
    0.4655859867546565,
    0.46662295189619285,
    0.46700152627019714,
    0.46756940296845023,
    0.466716908619766,
    0.4664131867641172,
    0.4660096229900296,
    0.4656337914018018,
    0.46609217470089964,
    0.4651408077175108,
    0.46607992361331807,
    0.4646718724520542,
    0.4658251831938147,
    0.46664946174243843
  ],
  "train_roc_auc": [
    0.5371086158490805,
    0.7005955728902645,
    0.7487036968291836,
    0.7795980748516983,
    0.7605755413177033,
    0.7910729088509529,
    0.8102211895416631,
    0.8214462313465963,
    0.8333987038508075,
    0.8398172026482855,
    0.8451338737353631,
    0.851416833121929,
    0.8557818446553194,
    0.8614008120423544,
    0.8635324423961985,
    0.8676420272959682,
    0.8704506159273036,
    0.873112136820478,
    0.8759142201945157,
    0.8767456045241097,
    0.8802904047869564,
    0.8842907639855624,
    0.8844304876515519,
    0.8876914268067858,
    0.8880340175930068,
    0.8896936601349397,
    0.8934384252945803,
    0.8932200195621227,
    0.8953690286187406,
    0.8957248421202625,
    0.8979274023239903,
    0.901056776112834,
    0.9010483976924859,
    0.9011025781992313,
    0.9045796615361396,
    0.9077096163172684,
    0.9072714658197387,
    0.9068598580468588,
    0.9085677000341291,
    0.9113951422240567,
    0.9119594066387511,
    0.912432769221053,
    0.913484691134798,
    0.9131844510477314,
    0.9164648113143532,
    0.9166589820601354,
    0.9159261180589485,
    0.9199309160475067,
    0.9199140731528359,
    0.9208927872176518,
    0.9215729243893072,
    0.921765346643045,
    0.9229215588649164,
    0.9235940615536715,
    0.9250497334279597,
    0.9257932516687083,
    0.9321771288250946,
    0.9349369100592035,
    0.9343799992926445,
    0.9353727266462301,
    0.9349129018206553,
    0.9360732556290494,
    0.937036611774639,
    0.9362841195415661,
    0.9371297612239962,
    0.9386315318861611,
    0.9388027690051243,
    0.9405312340121423,
    0.9415787731975926,
    0.9425942487039749,
    0.9415946884992783,
    0.941570996037995,
    0.9425700698779894,
    0.9432871000852774,
    0.9434052177995293,
    0.9419028361247903,
    0.9431430555866019,
    0.942509199166597,
    0.9453600797090668,
    0.942995487585728,
    0.9433856369774372,
    0.9440822740919833,
    0.9456618932139719,
    0.9441852101933607,
    0.9435066184168173,
    0.9450088420509744,
    0.9436573555617864,
    0.9440460522968752,
    0.944375991895719,
    0.9448409024334123,
    0.944209301854687,
    0.9446808224691079,
    0.9438661882059171,
    0.9439155880979152,
    0.9437053479446208,
    0.9433541782480351,
    0.9455924110277368,
    0.9433658689238372,
    0.9449404699589938,
    0.9455911833661208
  ],