{
  "train_loss": [
    0.6849441080901696,
    0.5941772889515969,
    0.5641014785014112,
    0.5451285812983717,
    0.5270375090247154,
    0.5154505747315253,
    0.504739498818571,
    0.4968485728384209,
    0.49276613252722834,
    0.48722985888554604,
    0.4817265937127935,
    0.47834947975310976,
    0.47566627251741844,
    0.47058679781343027,
    0.4661301944943006,
    0.4640581991320275,
    0.45987706635434294,
    0.45630159631486633,
    0.45389930033426995,
    0.45235736621707306,
    0.4487234609268276,
    0.4486351643142307,
    0.44410269644466394,
    0.4445977264867402,
    0.4415725986297726,
    0.43981805340491814,
    0.43546546017696586,
    0.4372416763583661,
    0.4330684359976291,
    0.4314115862465664,
    0.4292128952039095,
    0.4268025380195764,
    0.4252175182013399,
    0.423573382451757,
    0.4233679142092631,
    0.42438898214102627,
    0.4229686885576733,
    0.4190226669013989,
    0.42067376697434666,
    0.41875124685911125,
    0.41400486813499227,
    0.4150872330452346,
    0.4133510317254809,
    0.41300950589600893,
    0.41265881561166756,
    0.40753942511032015,
    0.4126625354104119,
    0.408620568564948,
    0.4057125058352208,
    0.4041481471765072,
    0.4044916593227418,
    0.4016999483345767,
    0.40361926931599157,
    0.39855614368040815,
    0.3987598938061074,
    0.3954644497092338,
    0.3950498453615086,
    0.39112845347207315,
    0.3953710099038071,
    0.3932676401274513,
    0.39006702016120604,
    0.3798084094844806,
    0.37032215430149845,
    0.3707553303665982,
    0.3668369675123616,
    0.3648516258250576,
    0.36331210419574017,
    0.3643131975099371,
    0.3641551683404579,
    0.3623313511165962,
    0.3597498813688099,
    0.36169709127419897,
    0.3568852506499468,
    0.35109120808337674,
    0.3523580797785927,
    0.3517133620493698,
    0.3501995067997242,
    0.3527177631841055,
    0.34796938801838906,
    0.3494648368345773,
    0.35089211528403397,
    0.34825425049204145,
    0.34744939679732173,
    0.34432780310717437,
    0.34626052325041506,
    0.34262432181369057,
    0.34574092333223577,
    0.3451672314313613,
    0.3439350892176703,
    0.3476679309403637,
    0.34425608875516484,
    0.3439837460061812,
    0.34204992053939154,
    0.34384135481513545,
    0.3450544690868107,
    0.3395535199194484,
    0.3429227176398646,
    0.34388496695176635,
    0.3418784376972594,
    0.34325953065525644
  ],
  "val_loss": [
    0.565776266678404,
    0.5339971982977264,
    0.49685075965198755,
    0.497830363655357,
    0.48314851025277394,
    0.4809441184286525,
    0.47267292469101096,
    0.46751078679977126,
    0.4623810536708103,
    0.461375455765222,
    0.4534975613596722,
    0.4555245437082129,
    0.44944457991703135,
    0.4618326801344933,
    0.4475576355706168,
    0.447808544600221,
    0.44164967064755273,
    0.4459846221945159,
    0.44337684499361973,
    0.4516404565538298,
    0.4389298023293203,
    0.44686915737273863,
    0.4441441219761787,
    0.4408549062581342,
    0.43294736504110354,
    0.43905930003048876,
    0.4372407621795178,
    0.43142621609393617,
    0.4351919158973765,
    0.4305733294544771,
    0.43309662782023806,
    0.4320294922295843,
    0.44276570979391205,
    0.434505369962095,
    0.4358355406834939,
    0.4457856541133216,
    0.4373391795580563,
    0.42882854607431886,
    0.43488611396183396,
    0.436606340311669,
    0.4388074646569365,
    0.42944071813376283,
    0.4316827314875444,
    0.4312769520649372,
    0.43148999031414415,
    0.43279740419881096,
    0.4358630962774005,
    0.42840697358727786,
    0.4357338942108261,
    0.4250705321592809,
    0.43576149074473564,
    0.43362928900558706,
    0.44032588290035,
    0.44249641153707975,
    0.4377008348786709,
    0.4306995495945521,
    0.42775488816347507,
    0.4290839167865547,
    0.4335590652072974,
    0.4378416710997561,
    0.4430204962639751,
    0.43195499811679094,
    0.43584029550099085,
    0.4425745891391509,
    0.4468559279746245,
    0.44076143284323943,
    0.4401172872525115,
    0.44008835105838223,
    0.4378436817982879,
    0.44945625253959115,
    0.4495605460028724,
    0.4457337600209395,
    0.4467495982600281,
    0.44463791540595604,
    0.4447330798318424,
    0.4466180108966721,
    0.4488879143636247,
    0.4497305808896121,
    0.45133659835186163,
    0.45256312601164134,
    0.45340147781127654,
    0.45470670387773787,
    0.45371071565184545,
    0.4532000455529692,
    0.454634901222956,
    0.45440932394518324,
    0.45599118452814286,
    0.45259543453436085,
    0.4541879817357379,
    0.4568529419830105,
    0.4539793582020357,
    0.4564958908851193,
    0.45441169960412153,
    0.4576487387048787,
    0.4561850015014993,
    0.45685260260316224,
    0.4565426124275453,
    0.45531812729617754,
    0.456072546312549,
    0.4605420991181216
  ],
  "train_roc_auc": [
    0.7113965348997116,
    0.8041443889049542,
    0.8231360334120461,
    0.835914827514299,
    0.8464835801663501,
    0.8524542544941827,
    0.8583260283962566,
    0.8627433514160607,
    0.8656271073671361,
    0.8688147076548209,
    0.872199837396217,
    0.8736527140468668,
    0.8745286927028715,
    0.8776801898396547,
    0.8799370054780302,
    0.8821040321031177,
    0.8844985130176889,
    0.8858956706235013,
    0.887133038205014,
    0.8883657601353738,
    0.8905352240578925,
    0.8906564095075561,
    0.8926347658799321,
    0.8932567065815371,
    0.8950311157582127,
    0.8956614456616474,
    0.8966132889938123,
    0.8967091071548384,
    0.8978981794283972,
    0.8994395391212411,
    0.9001208258397979,
    0.9011840111584507,
    0.9020821918421807,
    0.9032595399494044,
    0.9033269429657299,
    0.9027537803497167,
    0.9035984536045459,
    0.9060635904247979,
    0.9051543056136009,
    0.9058184915438096,
    0.9079825720703931,
    0.9074407306554964,
    0.9082216758619845,
    0.9080308526897024,
    0.9090785850262046,
    0.911495094314146,
    0.9093661561723776,
    0.9109557150792497,
    0.9126204804416851,
    0.9128268078346566,
    0.9124311410636019,
    0.9144232075527264,
    0.913877164561323,
    0.9157064466776496,
    0.9149997558488924,
    0.9170225758704111,
    0.9166825646798139,
    0.9188738049008246,
    0.9174593967051294,
    0.917874516868568,
    0.9192572264844143,
    0.9232061837564085,
    0.9271442343717959,
    0.9270297306926852,
    0.928609477910965,
    0.9294700260149353,
    0.929834447001902,
    0.9296371533662914,
    0.9296190025362985,
    0.9307141221247702,
    0.9316909133324258,
    0.9308577686155471,
    0.9325251097982088,
    0.9345343515835037,
    0.9346097335951247,
    0.9343855807425456,
    0.9352962503723734,
    0.9343465924707642,
    0.9359228156325723,
    0.9359049935577566,
    0.9353783776514673,
    0.9361995931293264,
    0.936379060592893,
    0.9371312910466667,
    0.9369274439912376,
    0.9378098421065342,
    0.9368478614912775,
    0.9370825258463822,
    0.93768668289406,
    0.9359470254833913,
    0.9376302695298284,
    0.9378470236767851,
    0.9382719012594107,
    0.9378694542202337,
    0.9370325682134583,
    0.9390922387926446,
    0.9380723093566976,
    0.937815423057293,
    0.9379094810081365,
    0.9381656886492551
  ],