{
  "train_loss": [
    0.6990726193536558,
    0.6022415986191721,
    0.5665379595879341,
    0.5424287297621847,
    0.5270099603468292,
    0.5151826557887574,
    0.5037102638014416,
    0.4975629267885712,
    0.4893010214993391,
    0.48394897624107136,
    0.48070043261228135,
    0.4799029377187284,
    0.47393148386682177,
    0.47178181703742117,
    0.4691222527076812,
    0.46494530826925645,
    0.46133393139254153,
    0.460648391292012,
    0.4575390599003387,
    0.4541376667470961,
    0.4527253146836976,
    0.4516145472949686,
    0.44884340249104904,
    0.4459174511667661,
    0.4429695459906543,
    0.44558576295063773,
    0.44302357514494617,
    0.44062579584551537,
    0.43785750443777416,
    0.43738013857618424,
    0.4323414900464214,
    0.4341976064146333,
    0.43303110091671176,
    0.43125616696086877,
    0.4310325602476392,
    0.4295680926307195,
    0.42719280722548214,
    0.42520928092595706,
    0.4210148141454461,
    0.422933297089184,
    0.4206967502867302,
    0.42064264282022473,
    0.4216135916609977,
    0.4179091965097143,
    0.41950204929376594,
    0.4202946949566145,
    0.41483579243521757,
    0.4175887880295173,
    0.4051762168258394,
    0.3977360444614854,
    0.39970574734697184,
    0.39905661915314894,
    0.3944504307140318,
    0.3950877660709699,
    0.39386221130093546,
    0.3922258942754116,
    0.3920289622874875,
    0.39020122210528974,
    0.3912236497584173,
    0.3924036089080582,
    0.3905563088427436,
    0.3899661206551554,
    0.38848017570956256,
    0.38916474091618714,
    0.3883323716045515,
    0.38169485261501124,
    0.38241027476664197,
    0.38042324359258983,
    0.3794702275718746,
    0.38080079342408474,
    0.37891290366328645,
    0.3768734529603982,
    0.37838003761565703,
    0.3786777353306281,
    0.3774224043562328,
    0.3779397911013387,
    0.3739012779061338,
    0.3760977265525551,
    0.37814329896367316,
    0.37660636156064736,
    0.3738327722336196,
    0.3766220442809424,
    0.37756098094072477,
    0.3760670011187571,
    0.37194170925467057,
    0.37360327717878866,
    0.37487770134491094,
    0.3752942126923773,
    0.37402134849047725,
    0.3713021189693097,
    0.37396845584366756,
    0.37514961859264967,
    0.37249338790840636,
    0.37934099759856815,
    0.37222086501272245,
    0.3737611685221214,
    0.3744302348813138,
    0.37545428597600533,
    0.3731676053802684,
    0.37320316017888183
  ],
  "val_loss": [
    0.5826950444868537,
    0.5381788930266346,
    0.5154077109619489,
    0.49770192603362795,
    0.49567952121626185,
    0.47860008194862075,
    0.47272785862027655,
    0.47025928709513654,
    0.4674085839152447,
    0.46210444651245514,
    0.4647121622755721,
    0.4609226614153507,
    0.4562285159474095,
    0.4547363037498666,
    0.4533934330173663,
    0.45702111846025256,
    0.45011947653278056,
    0.44608142794234,
    0.44753703749968643,
    0.44649338088964374,
    0.4397846119546046,
    0.4440140131190905,
    0.4391666078056449,
    0.4419140987660656,
    0.4504297619541449,
    0.44097964730867134,
    0.4532465557849863,
    0.4395719646629838,
    0.44449049817660313,
    0.4359804048564872,
    0.4358899592242281,
    0.4399794566497998,
    0.4312058538337345,
    0.43116381261688685,
    0.43364995573573545,
    0.43792879873086443,
    0.4309871911947014,
    0.43252509735170525,
    0.43546315619352255,
    0.43940452910536154,
    0.44210209756506347,
    0.4417548156017915,
    0.4315702698270739,
    0.4341468071948671,
    0.43948412080402144,
    0.43511404642854357,
    0.43773261409770187,
    0.4373768879116304,
    0.43528549355096274,
    0.43538545229006126,
    0.43157003285278256,
    0.4341157025415433,
    0.4324479842452612,
    0.42963069844001495,
    0.43082751629514776,
    0.4334766145132461,
    0.4298743066505528,
    0.4370138983191004,
    0.43301010767878045,
    0.43011024719293384,
    0.43861597698643623,
    0.43394984756244864,
    0.43623434816802203,
    0.43875260191439247,
    0.43044074089418255,
    0.4372247820242698,
    0.43489781921974213,
    0.43232700373119876,
    0.4343604177708728,
    0.4342879149420508,
    0.4333268791187176,
    0.4338101583002665,
    0.432964516180426,
    0.4336952599319252,
    0.4344395276606916,
    0.43373731098103946,
    0.43629889263800115,
    0.434484938900824,
    0.4391653536917001,
    0.4366986416314988,
    0.43431539040576156,
    0.437341900957264,
    0.4350509107779479,
    0.43645398492359827,
    0.4352775085561207,
    0.4363747302439317,
    0.43878236224133615,
    0.4362761646314747,
    0.43590969038920657,
    0.43634680796758324,
    0.4336509048827652,
    0.43510842195539307,
    0.4368879267353936,
    0.4373676995195636,
    0.43325168760936056,
    0.43500804031772916,
    0.4366177465464618,
    0.4371730673290921,
    0.43710903249826816,
    0.43387698430050675
  ],
  "train_roc_auc": [
    0.6863559004088482,
    0.7961860096120721,
    0.8202693156229179,
    0.83664132826313,
    0.8456889287768493,
    0.8521896004780027,
    0.8595826652638696,
    0.8616987469931989,
    0.8665528844265764,
    0.8696470353820305,
    0.8720891603948471,
    0.8715001188571736,
    0.8746271992648728,
    0.8764702803045739,
    0.8776799041027518,
    0.8795163907596278,
    0.8818997243360075,
    0.8835588652481429,
    0.8845859363683215,
    0.8862340847424716,
    0.8869169914093299,
    0.8878835246409866,
    0.8893147391033895,
    0.891130960895808,
    0.8917792623306786,
    0.8911172651804062,
    0.8926712483401531,
    0.8938672202671959,
    0.8949407237214391,
    0.8951472149263555,
    0.8979825611289073,
    0.8971653857799837,
    0.8970698983934031,
    0.8990027851143533,
    0.8990623771419589,
    0.8990837925259014,
    0.9003120876321189,
    0.9015901111841874,
    0.903828883352469,
    0.9032162661725163,
    0.9041340325083808,
    0.9041755118762319,
    0.9034826846920534,
    0.9052524625552829,
    0.9051378221639216,
    0.9045204048493962,
    0.9062617077959854,
    0.9058469028869482,
    0.9120695183355898,
    0.9132106568709619,
    0.9131861732360019,
    0.9136809638811556,
    0.9160697834179727,
    0.9154650074733662,
    0.9161588191381009,
    0.9169479674843505,
    0.9170001720842026,
    0.9179416675863855,
    0.9175881136633024,
    0.9165101249649188,
    0.9175637387630113,
    0.9174088537238251,
    0.9186331702304622,
    0.918539133583415,
    0.9187042960269819,
    0.9215391336841411,
    0.9211099533331104,
    0.9216946643801975,
    0.9231552512666884,
    0.9221199335531993,
    0.9221402351301015,
    0.9233766926776116,
    0.9229017907670838,
    0.9232848365251358,
    0.923699284848641,
    0.9242169142116269,
    0.924573093165816,
    0.924141473613431,
    0.9231957135273485,
    0.9235741257767701,
    0.9254775540577403,
    0.9239376133450843,
    0.9238689770494457,
    0.9238273366658033,
    0.9255588692641304,
    0.9250944978359159,
    0.9248843900487782,
    0.9239437567586092,
    0.9250049686108491,
    0.9263729531323618,
    0.9250876120755316,
    0.9246442726699362,
    0.9252151253848915,
    0.922485206450742,
    0.925464660946176,
    0.9249816352287649,
    0.9247293658162061,
    0.9246187696455962,
    0.9250019520401696,
    0.925238020103486
  ],