{
  "train_loss": [
    0.7402898101805524,
    0.6435800468689997,
    0.5876598131374743,
    0.5618376700611869,
    0.5491824487114757,
    0.5424427314458868,
    0.5308461068413961,
    0.5215095997666118,
    0.5123974021983856,
    0.5054034139115814,
    0.5018605523716787,
    0.4973722875774172,
    0.4896670174079543,
    0.4924729194721498,
    0.4872861574333073,
    0.4869913844837849,
    0.4794262576315337,
    0.4761815264810586,
    0.47404430059659847,
    0.47427991159596955,
    0.46889783176513894,
    0.46861085540599107,
    0.470314740157747,
    0.46339976075130446,
    0.45853731165973904,
    0.4579681424758552,
    0.4580592482800619,
    0.4540026234438871,
    0.4560589570751851,
    0.4538450067340839,
    0.4518370779496784,
    0.4511889229820585,
    0.4476735273908603,
    0.44838857698206097,
    0.4479217589515569,
    0.4435274867675422,
    0.4449491890077986,
    0.4428574216991028,
    0.43696180279766805,
    0.44233666491212625,
    0.4381522568445579,
    0.4339798611923058,
    0.4373399560721131,
    0.4305095488462424,
    0.4314653768427225,
    0.43361367439112825,
    0.4316226378714723,
    0.432236541590292,
    0.4282940097434045,
    0.4255629334676408,
    0.42569106881441543,
    0.42261866947801296,
    0.4206157513494878,
    0.4215179230172638,
    0.4219394824427259,
    0.42028536421301993,
    0.4178647833248961,
    0.41958546412407,
    0.4174312064461227,
    0.4184043495919101,
    0.41680848413567667,
    0.4142680871168475,
    0.4135813334735655,
    0.41398291657887026,
    0.41194373503889087,
    0.4059517746911175,
    0.40314516455137434,
    0.4009141074050871,
    0.3997291629360755,
    0.3996355311983895,
    0.4004164868217809,
    0.3969273592459461,
    0.3986763808465456,
    0.39540248132371647,
    0.39566467258249727,
    0.39423836297018694,
    0.3949262125378776,
    0.3949212399530511,
    0.395547979269059,
    0.393864663178679,
    0.39465411495503705,
    0.3939411514217361,
    0.39049751962746815,
    0.39223323863944304,
    0.39149840900055616,
    0.39064759220487477,
    0.3903498764940738,
    0.3901911660020565,
    0.39071189828986336,
    0.39015482855579997,
    0.38799411654332794,
    0.38797496111631335,
    0.38478093433648075,
    0.38530245904787397,
    0.38608794030498994,
    0.38318770222350157,
    0.384948626436246,
    0.3860271081966864,
    0.3839016089015698,
    0.3850610329043639
  ],
  "val_loss": [
    0.6552796149409383,
    0.5773264133585799,
    0.5431161158460385,
    0.5327854165937561,
    0.5283057490243939,
    0.5132601443341371,
    0.5118720103176754,
    0.49888259094670234,
    0.4914304040795937,
    0.49179141497012063,
    0.48334649269089786,
    0.48034662758204166,
    0.48195868986072876,
    0.4818593723020705,
    0.47564017817114185,
    0.4744997650579326,
    0.47277191695162657,
    0.4672355523813804,
    0.46964155252804185,
    0.4659479804830027,
    0.46795899211971537,
    0.46063782751060267,
    0.4618599307059353,
    0.4577846323510585,
    0.4565955778203717,
    0.46515778665329294,
    0.45737693088696807,
    0.4543236038558192,
    0.4493656565347567,
    0.4538497207104771,
    0.4497651364741099,
    0.45355447876820026,
    0.45224545447490866,
    0.4466605411715743,
    0.4531002757100446,
    0.44813935576702874,
    0.4411282178295736,
    0.44670399459632665,
    0.448163246452975,
    0.4407216666018085,
    0.4466850784818146,
    0.4410343024626249,
    0.4409255778134036,
    0.4407206877635554,
    0.44286471744174727,
    0.43289366017294506,
    0.43673685745779645,
    0.4389404774489852,
    0.4368599053864599,
    0.43616410578841486,
    0.4347825168674501,
    0.43609490007412066,
    0.4337912636834222,
    0.42729381098996116,
    0.43379802500546144,
    0.434966909113268,
    0.4348405767631442,
    0.43381063805377496,
    0.43421597877397566,
    0.4362372393265908,
    0.42930498280374113,
    0.43221463233871316,
    0.4311752257120465,
    0.42765051518104286,
    0.4300113068155785,
    0.42480656596287764,
    0.4239255484030387,
    0.424938909160902,
    0.424685301507397,
    0.4244727164867984,
    0.42572512008937186,
    0.42526939761272015,
    0.42178599560027463,
    0.42518074611915346,
    0.426244688695097,
    0.42758579456350676,
    0.42282118340685115,
    0.4222208752269958,
    0.4209386233625741,
    0.4236188016255549,
    0.4235263704587007,
    0.4229052047082896,
    0.4221863841077266,
    0.4224257349190263,
    0.4242276664049072,
    0.4227862824431559,
    0.4260598707454625,
    0.42508968508143574,
    0.4231522169384241,
    0.4212786433636753,
    0.4234753363008046,
    0.42330511779509633,
    0.42373098328862363,
    0.42473608896983417,
    0.42373355678721,
    0.42388289853000016,
    0.4237100184519271,
    0.4238313223475734,
    0.42373044859663084,
    0.42490162834427897
  ],
  "train_auroc": [
    0.6070277857454313,
    0.7527472127610995,
    0.8022204436642777,
    0.82047466276041,
    0.8288810779635691,
    0.832892090328642,
    0.8406412250402873,
    0.8466171751234979,
    0.8514147530383951,
    0.8566668728437894,
    0.8580550228414457,
    0.8606727979007912,
    0.8651500328388431,
    0.863966542767727,
    0.8659153209190199,
    0.8659026671899103,
    0.8711285332093923,
    0.8728423051085669,
    0.8736666646349446,
    0.8734610757843917,
    0.8760037677777676,
    0.8756886546931328,
    0.8753343566770131,
    0.8791334233831067,
    0.8815166953826138,
    0.8823171660428191,
    0.8821424649884699,
    0.8843006693156161,
    0.8829733842792987,
    0.8844869176255489,
    0.8846262643090163,
    0.8852589999769948,
    0.8872889349033207,
    0.8869256872748197,
    0.8878555242536772,
    0.8892775960245274,
    0.8888674694858365,
    0.8900761232156126,
    0.8938330457652097,
    0.8904997065996358,
    0.8926572078593239,
    0.8955985363978578,
    0.8936921133693561,
    0.8968360919525786,
    0.8963333717842179,
    0.8949545916536119,
    0.8960002951827248,
    0.8972078728620768,
    0.8985646933878976,
    0.8997615217987309,
    0.8989185820735441,
    0.9010785589817648,
    0.9024544968313516,
    0.9019116001571852,
    0.9015127683255619,
    0.9031875532400531,
    0.9033793368225068,
    0.9040447579132789,
    0.9037614513163073,
    0.9039733737659801,
    0.9045263971594878,
    0.9057619725578732,
    0.9064888235973919,
    0.9065078400302325,
    0.9070005776594751,
    0.9102813105187321,
    0.9108430944780583,
    0.9120790877904034,
    0.9119126120412411,
    0.912235647679936,
    0.9122588740447917,
    0.9140160684876958,
    0.9128995099126435,
    0.914107576565871,
    0.9144828667174323,
    0.9151497896375798,
    0.9147019391923209,
    0.9148157127673567,
    0.9136107624226015,
    0.9149514528399785,
    0.9140755304090264,
    0.9153114598791429,
    0.9166236120979014,
    0.9156170313399552,
    0.9162292567263773,
    0.9170504590377725,
    0.9162595039373227,
    0.9167984292294724,
    0.9171386840513163,
    0.917155767456131,
    0.9176499893463981,
    0.9176342394143042,
    0.9194012553021462,
    0.91922190564282,
    0.9180487832274473,
    0.9198513028190098,
    0.9188647025802018,
    0.9189605869045575,
    0.9201614390630576,
    0.9193280661164802
  ],