{
  "train_loss": [
    0.729421617596246,
    0.6267199752147123,
    0.5741853039511974,
    0.5542888277812351,
    0.5416847066336676,
    0.5241861791081519,
    0.5159156003034079,
    0.5054370481664809,
    0.49860170965757394,
    0.49131648050234317,
    0.4857661703157079,
    0.4781588762684578,
    0.47487130975366004,
    0.47096636116127866,
    0.4659666883264429,
    0.4652074494481338,
    0.46332904295239175,
    0.45871909639925235,
    0.4553555285336122,
    0.4538171575767769,
    0.4535924735769291,
    0.44570456628385235,
    0.4493112694014154,
    0.4435012823481438,
    0.44174607780185693,
    0.4397681721324135,
    0.4381674128710819,
    0.43867764500035417,
    0.4379369917043727,
    0.43319842615693605,
    0.4321430138502208,
    0.43305415103486317,
    0.4304198788775965,
    0.4273828938481289,
    0.4270287279194006,
    0.42609508229876203,
    0.42615077884798447,
    0.4225608283198988,
    0.42376077595205897,
    0.4199250089120206,
    0.4192398127907195,
    0.4203306802316673,
    0.42027304557552664,
    0.4158824323365795,
    0.4150588786928583,
    0.41496462874712864,
    0.41620284519885525,
    0.41270024636622976,
    0.4121704490367324,
    0.4135186953138228,
    0.4089784106600343,
    0.4102529996495369,
    0.41041637650420365,
    0.4092027305844963,
    0.4044291195574144,
    0.4061192251485451,
    0.4070003632847695,
    0.396794684721474,
    0.3959285908757426,
    0.3935280103464089,
    0.39350650973968665,
    0.3924369524525022,
    0.3920614624562126,
    0.39185065993992513,
    0.3915739713550256,
    0.38860469829056477,
    0.3904956554716182,
    0.3899797241976936,
    0.3886337347539742,
    0.38505298657736603,
    0.3887576791587576,
    0.38742244830457534,
    0.3835055771225148,
    0.38960052242018917,
    0.38731459563271387,
    0.3845177246490984,
    0.3838570054870834,
    0.38345200463944534,
    0.3874614432792534,
    0.38281261815563683,
    0.3835416337319488,
    0.38467271672398223,
    0.3836290917695755,
    0.38008076065570795,
    0.3787665590207768,
    0.378977187761125,
    0.3809487422842299,
    0.3754483272769194,
    0.37922012916886255,
    0.3785360342053445,
    0.38048822583652053,
    0.37719295316405665,
    0.37786832697440076,
    0.3762546799984505,
    0.37745220843005645,
    0.37448610937224147,
    0.37614215903108,
    0.37816953053381763,
    0.37614979825737715,
    0.3788554737925725
  ],
  "val_loss": [
    0.6400219641438402,
    0.5664588344619303,
    0.5346063282705309,
    0.5234580743235067,
    0.5140768934496074,
    0.5043606474815077,
    0.5035911912353708,
    0.4859436376563656,
    0.4750270050536331,
    0.47137100568244306,
    0.4666662421997529,
    0.4623302714855784,
    0.46499321439615054,
    0.45709036339251435,
    0.44867907682536146,
    0.4542509310732128,
    0.4475834497423341,
    0.4469864863662773,
    0.44385367001425075,
    0.4389999269717004,
    0.4454838070542815,
    0.43439248115352014,
    0.4316397222090523,
    0.4332748583734091,
    0.4393114492033312,
    0.43843774493342785,
    0.43225622166014116,
    0.42636735005458715,
    0.4258358956549841,
    0.4268251273916463,
    0.43094464353279655,
    0.4240731598613202,
    0.4330636043750784,
    0.42336892776142626,
    0.41930723145867993,
    0.42493436070990587,
    0.42395225450577073,
    0.4233464394511181,
    0.41850967353899016,
    0.4192472176082981,
    0.41852717241836507,
    0.4267912591770222,
    0.41982338726798285,
    0.4268587208305245,
    0.42467105671943955,
    0.4146621054783116,
    0.42162856001334,
    0.4200467515636135,
    0.4265432811905487,
    0.42203004276319184,
    0.4181406765426305,
    0.4196058419799538,
    0.42351794273411125,
    0.4197345066048337,
    0.4164143782404129,
    0.4212926971445768,
    0.42404409795860654,
    0.4141369679767399,
    0.41448576230371764,
    0.41461779345226196,
    0.4228809013171165,
    0.414983614237644,
    0.414535753047033,
    0.41642932770192237,
    0.41720250971052875,
    0.4149403576248734,
    0.41405061301180723,
    0.41401795033306465,
    0.4159800848278728,
    0.4141973967265549,
    0.41221839750579664,
    0.4157068046974669,
    0.41294093728620984,
    0.4136467886826532,
    0.4193724037494375,
    0.42033677559974364,
    0.41682237281159384,
    0.4172886936106864,
    0.41485552435596745,
    0.41420308374847525,
    0.4154491142091191,
    0.4158925885978638,
    0.4135903823020185,
    0.4144279011086893,
    0.415224671780452,
    0.41590724061941947,
    0.4145375055513533,
    0.4157315650946163,
    0.41417713925756255,
    0.41582585847611087,
    0.41483829941909556,
    0.41535085903520574,
    0.41520237753242395,
    0.41483101918112975,
    0.41492671763241457,
    0.41489051805960164,
    0.4148691284356557,
    0.4147907391898785,
    0.41497542757023637,
    0.4146807366515139
  ],
  "train_auroc": [
    0.6332609262780735,
    0.770488241087548,
    0.8125008280647317,
    0.8263700479079216,
    0.8352463400230137,
    0.8461434152501577,
    0.8509555509672868,
    0.8564741617807697,
    0.8609519824888239,
    0.8640908634825306,
    0.8675974806531961,
    0.8716415957666859,
    0.8732375350652583,
    0.8771932297509921,
    0.8786644622317662,
    0.8797002144576491,
    0.8810625249687498,
    0.8833139637004463,
    0.8845359397943628,
    0.8868504521565806,
    0.886548420031823,
    0.8899241162732381,
    0.8892803460990779,
    0.8917201917302982,
    0.8927434777654766,
    0.8939824313146033,
    0.8950416932616363,
    0.894876315533168,
    0.8953830552138141,
    0.8971639532133173,
    0.8978181975399788,
    0.8977679658071545,
    0.9001672755321644,
    0.9007119021751536,
    0.9009296082727741,
    0.9009821261229892,
    0.9012226313090733,
    0.9028803032766543,
    0.9030204540377296,
    0.9038410604950851,
    0.9044090210418897,
    0.9032904354239732,
    0.9043768299502486,
    0.9059483213520596,
    0.9062465076672215,
    0.9068755898839969,
    0.905896765080408,
    0.9081375345047993,
    0.9085201776348961,
    0.9079635872436069,
    0.9093798568362087,
    0.9090904443319915,
    0.9097145703329539,
    0.9094690288089564,
    0.911792003351657,
    0.9111571364099083,
    0.9106520199540798,
    0.9155043119618547,
    0.9158199840921645,
    0.9166540473746336,
    0.9167527119384737,
    0.9174417489492188,
    0.9173967931425535,
    0.9172410629109222,
    0.9172161626893122,
    0.9190345744881852,
    0.9178666384127055,
    0.9182368549434263,
    0.9191075156583288,
    0.9203207679012009,
    0.9189495570036188,
    0.9199481887515204,
    0.9217070116834296,
    0.9185059416551972,
    0.9192186962004499,
    0.9206998309600625,
    0.920860175404683,
    0.9206274604419371,
    0.9198924618183635,
    0.9211795428235968,
    0.9211412807770922,
    0.920850961021556,
    0.9212234996784587,
    0.9225676075342134,
    0.9234805313443802,
    0.9231313399794853,
    0.9220391988963222,
    0.9247028462392926,
    0.9225884341211075,
    0.9230121836605161,
    0.9221541445377245,
    0.9232705661603606,
    0.9237284399927541,
    0.924322115631952,
    0.9235000616229164,
    0.924702358174694,
    0.9236426159566313,
    0.923257408870763,
    0.9244835940466121,
    0.9222058337268282
  ],