{
  "train_loss": [
    0.6772910023958112,
    0.5829760774854921,
    0.557807138682919,
    0.5441030935866021,
    0.528956038412906,
    0.518364231861662,
    0.5066194623618013,
    0.4993832093355835,
    0.49604886216208516,
    0.4937478525455482,
    0.4859024485696593,
    0.48339235243934625,
    0.4802696199669433,
    0.47968716332935335,
    0.4763787688220365,
    0.473774170155437,
    0.47009500099188606,
    0.4696659462928102,
    0.4662982060462132,
    0.46668753387274325,
    0.4643569644553632,
    0.4617257600602655,
    0.46072179326071055,
    0.4594647140880849,
    0.458215451071676,
    0.4582120068763799,
    0.45543352772859635,
    0.4532331016548789,
    0.454182125462271,
    0.45105498385105613,
    0.4486782864256001,
    0.45606030430622946,
    0.4485576600778357,
    0.44907078035986975,
    0.4475742975963806,
    0.44718487053809525,
    0.44681415231856997,
    0.44547221829338,
    0.44258972999642643,
    0.4417659967781872,
    0.44153462071604094,
    0.440208807653913,
    0.4412332411477784,
    0.43874939857475986,
    0.43883984248271396,
    0.44128540777205527,
    0.43764014529193823,
    0.4391326329463038,
    0.4388120090743748,
    0.4365603657244408,
    0.4349967083169548,
    0.43261005046132633,
    0.4366053891904849,
    0.4322055064663343,
    0.4332328279454935,
    0.4317683752192683,
    0.4327147450708891,
    0.4327976394316486,
    0.432986458705477,
    0.43155550796235925,
    0.4285932649315115,
    0.43207715505097793,
    0.4323078947417827,
    0.42889008993595606,
    0.4286617754326858,
    0.42832645339168673,
    0.4246983019592778,
    0.4288296798190477,
    0.42698909150049685,
    0.4276726784359457,
    0.4265626943647317,
    0.4247981200897004,
    0.42176130821514507,
    0.4225646615363317,
    0.42367076492789646,
    0.4251850969728333,
    0.4258990678399822,
    0.42606263015845763,
    0.4237396319963089,
    0.42468798239402483,
    0.423813822836877,
    0.41970148963103165,
    0.424328265920564,
    0.4196462366695958,
    0.4212473686099806,
    0.41909510814817025,
    0.4189630178776091,
    0.41850308321365787,
    0.420832440358251,
    0.417792054961253,
    0.419757447220966,
    0.4143158488518124,
    0.4093065975463745,
    0.4086363018815061,
    0.4094338530652335,
    0.40662608151412405,
    0.4076227094342239,
    0.40584386476614076,
    0.405975652059217,
    0.40757072012364737
  ],
  "val_loss": [
    0.5674398485345477,
    0.5454062968909129,
    0.5239457941899651,
    0.516953140580532,
    0.49861959053441285,
    0.49318303022002463,
    0.4872906969900122,
    0.4780268190013729,
    0.4796634404768148,
    0.4706700902505112,
    0.4689576859409745,
    0.46751976546459073,
    0.4657529313655402,
    0.4688791306854294,
    0.46413716901604085,
    0.4627903024948099,
    0.4611116908525376,
    0.45271553169981077,
    0.45513718737027187,
    0.4547858455141126,
    0.4521306032403429,
    0.44437901118817114,
    0.44942686425561895,
    0.4505942996317054,
    0.44464331987519634,
    0.44928077588210236,
    0.4470645165954476,
    0.4458079875793173,
    0.4448180186448537,
    0.44770088497434724,
    0.44663396330493027,
    0.4470752320440707,
    0.44148675682160304,
    0.44254322743038094,
    0.44105768795337835,
    0.44368308165977743,
    0.44672350131343264,
    0.4449957119785284,
    0.4438262735697452,
    0.43589166253944034,
    0.435637730726658,
    0.4373419659502131,
    0.4366373050912784,
    0.43402234072565254,
    0.43516437774602207,
    0.43501789935926133,
    0.4421246963078356,
    0.4372523791414494,
    0.4393564117699167,
    0.4356490655803058,
    0.4359437815518659,
    0.4329336325309039,
    0.43149985771588045,
    0.43231608935971183,
    0.43340215200813487,
    0.4328012412547621,
    0.43053072341001714,
    0.42956557658822986,
    0.4283419632233978,
    0.4301981975958932,
    0.4288858227772015,
    0.42592431092417804,
    0.4266198389961246,
    0.43366050914638193,
    0.427039423532166,
    0.4274646898684719,
    0.4281288678692749,
    0.42821562845686945,
    0.4239186995071667,
    0.42773123984012446,
    0.4269026043475063,
    0.4283133286632118,
    0.42752402843100273,
    0.424524856496946,
    0.4249860699334549,
    0.4246265208565622,
    0.4266044471937146,
    0.42786858491217655,
    0.43054786632800923,
    0.42225586648645075,
    0.4300471720635502,
    0.42470840402884896,
    0.42313745517877366,
    0.42543676564988975,
    0.4277580402104075,
    0.42430192493214747,
    0.42431821124862534,
    0.42368820862356793,
    0.4254605097684034,
    0.4252328128039226,
    0.42315448419245627,
    0.4197851922172091,
    0.41999990650680946,
    0.4210719573975498,
    0.4214013169162871,
    0.4208843880519618,
    0.418544184878288,
    0.41919844137211326,
    0.41798132099731994,
    0.420215613077649
  ],
  "train_auroc": [
    0.7243289120475185,
    0.8105254276960963,
    0.8258358206629335,
    0.8338064301321997,
    0.8427510314826303,
    0.8486809772064681,
    0.8552745138412217,
    0.8601224513261353,
    0.8606917365198774,
    0.8616991746662346,
    0.86703746619501,
    0.8694674720034452,
    0.8704447262766883,
    0.8700351961352775,
    0.8732169326211572,
    0.8739453173570924,
    0.8762945604114815,
    0.8765808405839645,
    0.8794218354553787,
    0.8779768667864115,
    0.8795919081907669,
    0.8809096825841695,
    0.8818844404085855,
    0.8821877132154989,
    0.8831107921911201,
    0.8829187413733736,
    0.88547886102489,
    0.8856495262927935,
    0.8850947896217577,
    0.8880525270912024,
    0.8889346096697432,
    0.8843764547056252,
    0.8888993491260825,
    0.8884723994354858,
    0.8891370057447516,
    0.8899521999968902,
    0.8897723858188615,
    0.8905569236545148,
    0.8924666596277882,
    0.8922821457598212,
    0.8921217382027492,
    0.8931738052801362,
    0.8926648746287549,
    0.8938128024299757,
    0.893372482194134,
    0.8924670242017544,
    0.8945109620988698,
    0.8940741365843305,
    0.8936090789781697,
    0.8948502705606178,
    0.8958958385267511,
    0.896904426337273,
    0.8959122678646466,
    0.8977999888599915,
    0.8965052407153874,
    0.897605642722807,
    0.8969258380575693,
    0.8971573917858133,
    0.8973279347672884,
    0.898011942839535,
    0.8993564401979899,
    0.8973830637078895,
    0.8980004662705778,
    0.8993103702097718,
    0.9002073679586484,
    0.899664996460406,
    0.901093636276531,
    0.8993571765861899,
    0.9001251240364725,
    0.8995503562870897,
    0.9003238125480777,
    0.9015228194607241,
    0.9028538592327802,
    0.9022994521108033,
    0.9014169390847645,
    0.9011573807739512,
    0.9010481242228536,
    0.9004527827306172,
    0.9022302821472343,
    0.9012203182364539,
    0.9015042134925865,
    0.903612870373226,
    0.9019238854381839,
    0.9040877254859419,
    0.9035324395127288,
    0.9041834013024331,
    0.9043929904433404,
    0.9043854028056664,
    0.9036665675247417,
    0.904845433106382,
    0.9038004906111109,
    0.906295537449062,
    0.9091361059560652,
    0.9090667388389453,
    0.908862625722537,
    0.9102974757723588,
    0.9098713994026806,
    0.9103943943191264,
    0.9101629220944744,
    0.9099468680211902
  ],