{
  "train_loss": [
    0.6630861124761265,
    0.562435978624531,
    0.5298365420548259,
    0.5124158956175022,
    0.4978695549428449,
    0.4874843747937911,
    0.48382879128307626,
    0.4783795394737808,
    0.4735395457657515,
    0.46892678024505907,
    0.46599219471139447,
    0.46173244286995807,
    0.45944237131280885,
    0.4608643996341534,
    0.4562361677757501,
    0.4517782204563125,
    0.4505855740023787,
    0.4493815318897831,
    0.4452622332929644,
    0.44371161006480014,
    0.4429084107094865,
    0.4423367025365988,
    0.4405870956284356,
    0.43991551800316764,
    0.43611045516338315,
    0.4347864383279063,
    0.4380529511940616,
    0.4335245029467438,
    0.4343368478121118,
    0.42946637580417635,
    0.4305795982455627,
    0.4308595366652133,
    0.42815795426373177,
    0.4244699636615989,
    0.4271896587297917,
    0.42379150732399234,
    0.42465164461283234,
    0.42222686683062616,
    0.4222211396141539,
    0.4217660408672028,
    0.4208511260306073,
    0.42192567980169443,
    0.4197096185895214,
    0.4184892967193307,
    0.41663461664023876,
    0.41168003528437996,
    0.40817819084615403,
    0.4070312062671329,
    0.405879405706779,
    0.4084931048066352,
    0.40532383610202455,
    0.407859334926699,
    0.406014573948078,
    0.4048422830106503,
    0.40545583730055446,
    0.4038728985301339,
    0.40400799792813796,
    0.4046454553762104,
    0.4067960891936317,
    0.4054035734122711,
    0.4026162959295088,
    0.4008133447133973,
    0.40085736762804663,
    0.4015453878874746,
    0.4007406091276976,
    0.3994621355718931,
    0.3971421834917879,
    0.3991473541832506,
    0.3968464156080258,
    0.3980529573406946,
    0.39622590309338224,
    0.39876016399475767,
    0.398585122367365,
    0.3960772096915369,
    0.39692335842895554,
    0.3954010455928232,
    0.3957549585890809,
    0.3989858456362441,
    0.39746247858220757,
    0.39905633085004566,
    0.39624810943807826,
    0.3959963049410769,
    0.3957773149153076,
    0.3973430307484767,
    0.39552986103403737,
    0.3956261165762807,
    0.3963304689061137,
    0.39467167556355637,
    0.3966284501932176,
    0.39241388099613916,
    0.39257258707118853,
    0.39578137768847244,
    0.393619406693603,
    0.3946839672666164,
    0.39292255141673116,
    0.396515240820809,
    0.3959858530761207,
    0.3933022624713368,
    0.3932633452576236,
    0.39573979988306923
  ],
  "val_loss": [
    0.548121823957893,
    0.5203722824532633,
    0.4960419804496623,
    0.49451894145754044,
    0.4852861830094987,
    0.4717287795630328,
    0.4726755812361434,
    0.4643283426095033,
    0.4658942974458092,
    0.45885322103407045,
    0.45832046755317873,
    0.4545501653879242,
    0.45143855992923354,
    0.4553627197640251,
    0.4586355468989085,
    0.4475862596597165,
    0.4498863758767529,
    0.442560697979496,
    0.44588403355153167,
    0.45059310801098085,
    0.4359741461743624,
    0.4428305595641034,
    0.44005144686756686,
    0.4439292867552534,
    0.43260503387406735,
    0.4365858150661714,
    0.43117846952680106,
    0.4386629456409426,
    0.43443321190142564,
    0.43737772290437776,
    0.4369220351461818,
    0.43162495272801726,
    0.430182100897733,
    0.4261042409874186,
    0.43369129786175875,
    0.4323597042391707,
    0.42967419369356274,
    0.4304316101069775,
    0.42802561645961096,
    0.4293914990845064,
    0.427383733067908,
    0.4273600938546802,
    0.4307141987553069,
    0.4267377997266835,
    0.4289429853813513,
    0.4228145156857685,
    0.42157665969941066,
    0.42299761515516937,
    0.4218942812693419,
    0.4230821291253818,
    0.4211754418097138,
    0.42337588836740137,
    0.420769420496682,
    0.4187390814845182,
    0.4213805176171874,
    0.423413898327144,
    0.4212376165367795,
    0.42266372718326645,
    0.42112422792131615,
    0.4209760518576203,
    0.42109189559562343,
    0.4220162471487271,
    0.4223081263724822,
    0.4230595800716635,
    0.42434761105912483,
    0.4213025278558491,
    0.4214721353167368,
    0.42019135082090225,
    0.41894049349502216,
    0.41867208355848523,
    0.42059218639096474,
    0.41977690503292847,
    0.41978588644744963,
    0.4193813576113922,
    0.4207142452880365,
    0.4195164825631877,
    0.4192261995551526,
    0.41832916567732215,
    0.4185683754205926,
    0.4194461117530691,
    0.4192711098496312,
    0.4186465438292167,
    0.418213702064747,
    0.4188046659805568,
    0.42023397558555353,
    0.41799055785635086,
    0.41837872618953426,
    0.4187822153883789,
    0.4188377297546746,
    0.41894757081055795,
    0.41889920414105153,
    0.41826342125418914,
    0.4171286396689206,
    0.41803069544638416,
    0.41890928190885474,
    0.418041945587,
    0.41868263246961984,
    0.41882026812125894,
    0.418417950934155,
    0.4182913619729813
  ],
  "train_auroc": [
    0.7375441836226315,
    0.8223028623814459,
    0.841888464867891,
    0.851973622745274,
    0.8595694838315854,
    0.8656344045849369,
    0.8684189802178723,
    0.8704973047232725,
    0.8733218181327531,
    0.8768144795379624,
    0.8777318303995806,
    0.8797952378714461,
    0.8812390098906112,
    0.8810196249788462,
    0.8834759676146688,
    0.8861098398830918,
    0.8861619182570651,
    0.886514431757917,
    0.8895045831454627,
    0.8905744498033334,
    0.8903828197414427,
    0.8910518244252849,
    0.8920521877957885,
    0.8924318624521803,
    0.8946810196462738,
    0.8950885501045849,
    0.893439753219172,
    0.8953852904064589,
    0.8953038234866868,
    0.8981024516785455,
    0.8972482517769598,
    0.8976732787698972,
    0.8978712921245269,
    0.9007319507813485,
    0.8988963172628224,
    0.900899804513628,
    0.9002570168635095,
    0.9015603363926202,
    0.9015388404763784,
    0.9017579824016101,
    0.9023335889713112,
    0.9018227252224241,
    0.902979819319624,
    0.9040027144842284,
    0.9045547890913491,
    0.9067484861788326,
    0.9087938565817749,
    0.9089248994845123,
    0.9093945378422053,
    0.9086716772297446,
    0.9097413649854226,
    0.908874466714868,
    0.9095538599782613,
    0.9098871712387384,
    0.9095319756282256,
    0.9106285015448715,
    0.9104387588564469,
    0.910066557223831,
    0.9090581974639012,
    0.9099997792932324,
    0.9114593688430738,
    0.912121995243812,
    0.9123924100606169,
    0.9114840316098886,
    0.9118090534449208,
    0.912953595025531,
    0.9138546751417957,
    0.9127991877509791,
    0.913896056169205,
    0.912928655872663,
    0.913856168165191,
    0.9128295042238069,
    0.9135955834182845,
    0.9134272557431091,
    0.9139139614917803,
    0.9147335513114342,
    0.9148577856086549,
    0.9129222579440004,
    0.9135885433970199,
    0.9131778231036517,
    0.9141644676624555,
    0.9138086635886382,
    0.9141664276022725,
    0.9130893103764781,
    0.9144362925401694,
    0.9141689923325588,
    0.9139647558102941,
    0.9149924082224375,
    0.9139161901254469,
    0.9158804875305797,
    0.9156997899668072,
    0.9140696619916877,
    0.9152772861736159,
    0.9152828196556659,
    0.9151163317132646,
    0.9138759280984283,
    0.9144035656235928,
    0.9154027871459319,
    0.9154860276756632,
    0.9136650363970319
  ],