{
  "train_loss": [
    0.6776118689079079,
    0.5790199240095245,
    0.5561271037996248,
    0.5413653017820895,
    0.5256790467403835,
    0.5126409077080539,
    0.5056192121162986,
    0.4989784291758523,
    0.49170478714402793,
    0.4882955179647661,
    0.48499459065924316,
    0.4837707770677395,
    0.4812831680701003,
    0.47728756588589977,
    0.476936207118232,
    0.4738828582552662,
    0.4706159337458413,
    0.4677340034870821,
    0.4685550102638266,
    0.4635606403234719,
    0.4615912455162659,
    0.4619213060901752,
    0.4621191273051552,
    0.46111046732714067,
    0.45468161570693705,
    0.455526393488681,
    0.45395338633696275,
    0.4533576932605997,
    0.45149922940301773,
    0.45067917278376207,
    0.4509256952709349,
    0.44693029039192467,
    0.44837908482724625,
    0.4454982522931765,
    0.44898491781061023,
    0.4451136007587515,
    0.44341336746484883,
    0.4449879670486437,
    0.44094636940727244,
    0.44154852417977347,
    0.4407985827817316,
    0.43914158053014074,
    0.436284626885338,
    0.44102567672255,
    0.435559281355825,
    0.43594143902688864,
    0.4367887814760599,
    0.4363919386495837,
    0.4359933967557955,
    0.4337080101781527,
    0.4353149055080932,
    0.4332399572806402,
    0.43280728071669844,
    0.4341776182182051,
    0.42933476405940885,
    0.4272440269997627,
    0.4305247261900445,
    0.42994473669071775,
    0.4318928674746107,
    0.4283070594274699,
    0.4272664526507548,
    0.4308826214422585,
    0.4244165132417525,
    0.4274945547557832,
    0.42677596777335625,
    0.4246615513067172,
    0.4253704697765921,
    0.4256811475089495,
    0.42461063730105447,
    0.4250450070639512,
    0.4229884021484832,
    0.42411291051513833,
    0.4238682627691873,
    0.42236129307015613,
    0.4236460052617287,
    0.4199712506796989,
    0.42073083469555655,
    0.4231202796858665,
    0.4209938651224233,
    0.4186145326860111,
    0.42095917152091283,
    0.4181393746036301,
    0.41950144372257686,
    0.41841317665462496,
    0.41846962621663614,
    0.41743167134420955,
    0.41691950959306334,
    0.4186039714784205,
    0.41770714627471134,
    0.41812806337674085,
    0.41563622242141124,
    0.41445165249453414,
    0.41568189817523266,
    0.417895627619092,
    0.4170065603136765,
    0.41342016025327516,
    0.41708173279571353,
    0.4133281359430276,
    0.4163389758088499,
    0.41346362662996405
  ],
  "val_loss": [
    0.5759537972141845,
    0.5330486005972394,
    0.525503183455525,
    0.5161944903287505,
    0.4936289231519441,
    0.48543428347028533,
    0.4816274309924909,
    0.4763351799112997,
    0.4762165748339775,
    0.4742297470736259,
    0.47229782030166917,
    0.46591133720832567,
    0.46981479237264046,
    0.4619289424412737,
    0.462740817224435,
    0.4562289301802483,
    0.45960355932648117,
    0.454714835634436,
    0.4575020574512375,
    0.447231159100217,
    0.4508637797576961,
    0.4477942905354922,
    0.4516219543666342,
    0.4448885675745375,
    0.4442249801207789,
    0.44488819319848577,
    0.44325199289957384,
    0.4424949551395246,
    0.4443826649029013,
    0.44468986304808417,
    0.4428394184919128,
    0.43874758070912856,
    0.4410388251664143,
    0.4445224931222306,
    0.4346343153620699,
    0.4402145607829205,
    0.439224531438344,
    0.4413478183113073,
    0.4398084217048869,
    0.4320294790087964,
    0.4340168021320741,
    0.43332555434577175,
    0.43258678654811145,
    0.4311707326717057,
    0.4344516047115984,
    0.4331813902912691,
    0.4278084607682046,
    0.42909759716352125,
    0.43009426495457853,
    0.42823177203883217,
    0.425074407683281,
    0.42650958567941066,
    0.42663868997881377,
    0.43205124000911943,
    0.42363818224522964,
    0.4281318749041615,
    0.4250507249192223,
    0.42478385603772295,
    0.42979580566689773,
    0.42594391646389634,
    0.42585273832777115,
    0.4232000660807422,
    0.42525335771395356,
    0.42467479739695757,
    0.42285299090059253,
    0.4235792408340575,
    0.42816824426411026,
    0.425041829995318,
    0.42163355155515536,
    0.42127066134073304,
    0.42060830461456744,
    0.42099450535565364,
    0.4237050066623083,
    0.4316502033219866,
    0.4258515117941676,
    0.4214607656890837,
    0.42345917199886746,
    0.4277011091366952,
    0.4220822150476159,
    0.4206279033216937,
    0.4199421636322782,
    0.42283820281046525,
    0.41958933427082745,
    0.41815691005928096,
    0.4174186717597325,
    0.4214158747813908,
    0.4187608880076804,
    0.4232974004656604,
    0.41552885080872576,
    0.42212307747568023,
    0.41856640724522537,
    0.4259081476499072,
    0.42419310168251184,
    0.41942123584067387,
    0.42175852658030927,
    0.41908176989057633,
    0.42013505478940716,
    0.4222205577892115,
    0.41985129790670495,
    0.4209694441022544
  ],
  "train_auroc": [
    0.7256278866468355,
    0.8124160268616388,
    0.8265888314469867,
    0.8355361222165735,
    0.8454060331612102,
    0.8528262601753682,
    0.8553919935749816,
    0.860037907423413,
    0.8629304368636115,
    0.8652863461777053,
    0.8668636728067467,
    0.8677738902258749,
    0.8694002421116771,
    0.871226130014799,
    0.8708918994405761,
    0.8735246483199147,
    0.8754678214905773,
    0.8770100674222545,
    0.8761105714968758,
    0.8803523824389495,
    0.8797461402838807,
    0.8807336818553256,
    0.8803088552285728,
    0.8813124052720167,
    0.8843054046501829,
    0.8837934628450959,
    0.8860484905015265,
    0.8846807602719439,
    0.8868492474311991,
    0.8873467078315374,
    0.8878449211575545,
    0.8887712807614888,
    0.8880528455505367,
    0.8901900783040284,
    0.8876162231859034,
    0.8903123835335522,
    0.8907714463746179,
    0.8914820732158433,
    0.8917993164873229,
    0.8929666892226554,
    0.893022742033212,
    0.8936079714255363,
    0.8950160070164909,
    0.8922496767610512,
    0.8950352949275073,
    0.8946248971847812,
    0.89575260847239,
    0.8948123562700505,
    0.8952419640807896,
    0.8962412238489108,
    0.8951918075704303,
    0.8964858426909237,
    0.896913643779403,
    0.8960704529678469,
    0.8985832338052843,
    0.8998177594987545,
    0.8972845925674622,
    0.8986106236748294,
    0.8971018761561748,
    0.899406734966653,
    0.8998008502674147,
    0.8983521086447285,
    0.9007911651062108,
    0.8995193259795466,
    0.899011106133283,
    0.9009614080434702,
    0.9011162576801723,
    0.9001319944748152,
    0.9007828125326408,
    0.9005661369992888,
    0.9021915769080249,
    0.9016347928426233,
    0.9021391713756005,
    0.9021973152101108,
    0.9021915112052097,
    0.9030925317433272,
    0.903728840935516,
    0.9027020797228316,
    0.9031397997392705,
    0.9042751361374026,
    0.9032565932600534,
    0.9047156362175177,
    0.9043301621835458,
    0.9038960983051987,
    0.9041821719473295,
    0.9042415536401278,
    0.9056250719637566,
    0.9042426648160348,
    0.9053820803736021,
    0.9044252074351279,
    0.9060250497810779,
    0.9064939067789481,
    0.9054252245601018,
    0.90490406840537,
    0.9050892566190768,
    0.907678230929291,
    0.9053162824595444,
    0.9069162112754299,
    0.9052958786382395,
    0.907227203473292
  ],