{
  "train_loss": [
    0.7677955597855397,
    0.6349737779146836,
    0.564883996119574,
    0.5384386741453522,
    0.520510112435442,
    0.5095690499282056,
    0.49743799941653083,
    0.48863149752691687,
    0.48023522649596206,
    0.4710978844201528,
    0.46548151995029863,
    0.45684980882802295,
    0.45152129395118057,
    0.4443819686069167,
    0.44091971002622055,
    0.4361860992980489,
    0.432210437895905,
    0.4263502993396115,
    0.4262802221615402,
    0.42317512563731347,
    0.4185521300002022,
    0.4212749345231129,
    0.41406191463661374,
    0.41079547084402185,
    0.4104596786157389,
    0.40999857379021953,
    0.40376356074525893,
    0.4034875799009711,
    0.40129645507555045,
    0.40135044200697817,
    0.3990294572355819,
    0.39504039203135366,
    0.3949092533278035,
    0.39355495251109857,
    0.3906169881225609,
    0.38861290678936655,
    0.3883508968146728,
    0.3879483186076603,
    0.3876229835405084,
    0.38507638458233195,
    0.3839322110719576,
    0.38199003098357676,
    0.3804144337023206,
    0.382138684032617,
    0.3781548422453583,
    0.37693513942752893,
    0.37744637570875755,
    0.3752953149177687,
    0.37327425397131825,
    0.37393558385416265,
    0.372561134567196,
    0.3699547577395536,
    0.3714713987143585,
    0.3684650510863548,
    0.3694843829682939,
    0.3580455749745504,
    0.3569023070193599,
    0.35357177847862464,
    0.35146360777909846,
    0.3507921030233348,
    0.34988378251053864,
    0.34901600203199257,
    0.3490884675476652,
    0.35140656927407304,
    0.3463714461964652,
    0.34919503874059754,
    0.3433620694285951,
    0.34435867185169516,
    0.34164927616188606,
    0.34258617887422144,
    0.3405645311409069,
    0.3407424572018766,
    0.3408411234805635,
    0.3399400243684353,
    0.3404525794530188,
    0.33940128470243097,
    0.34211637433840725,
    0.3359045209705453,
    0.3411934257349123,
    0.336726764330845,
    0.34009499437243507,
    0.33700334627353123,
    0.3384832448365956,
    0.3395437251779074,
    0.3367514549722942,
    0.33812627908050863,
    0.33527092750416904,
    0.3393262550356907,
    0.3347713115468736,
    0.33575219669545237,
    0.34063892361989934,
    0.3384959932039002,
    0.34002201720719816,
    0.33946112304877074,
    0.3351823369154911,
    0.3341616598539904,
    0.3386556870888223,
    0.3355204208523517,
    0.3370123893838944,
    0.33918645109233797
  ],
  "val_loss": [
    0.6660362205989763,
    0.566692978393665,
    0.5419950476341567,
    0.527819716974829,
    0.5195864321245618,
    0.49427817635522864,
    0.4896918439131859,
    0.47798900124300114,
    0.47148559350114166,
    0.46022181875330204,
    0.45147540384880985,
    0.4482254317344513,
    0.4410289357115149,
    0.4386630133002691,
    0.4406111372039347,
    0.42903485799768987,
    0.43093023556809723,
    0.4357639802802087,
    0.43653944592995836,
    0.43173266290396256,
    0.4242626060033,
    0.42615749665430963,
    0.42561792855160546,
    0.42505177627738566,
    0.4457961115621565,
    0.43937103062840344,
    0.4277450282331504,
    0.4289468009118598,
    0.42283527957204337,
    0.4231239413392955,
    0.4250274215306729,
    0.4214805164352712,
    0.4229746148726258,
    0.4240700846949361,
    0.42243115660862063,
    0.42367119938551767,
    0.4206369075948461,
    0.4223105594974084,
    0.43160887105600476,
    0.4268995162380819,
    0.42245752016518123,
    0.42460975320341426,
    0.42695202956884015,
    0.41811704668949834,
    0.4194936042951849,
    0.42168422141923934,
    0.4301963817095601,
    0.42355878527544416,
    0.4341235768261738,
    0.429224648824498,
    0.42713058114274016,
    0.42705122611284924,
    0.4222541710870464,
    0.41932747009638194,
    0.42788473629884816,
    0.4222800903584728,
    0.41943356344773186,
    0.4211884610639592,
    0.41939252362224616,
    0.4240996218794212,
    0.4236293617299196,
    0.4240643368462814,
    0.4217304271009628,
    0.4267834967413686,
    0.4262689662001895,
    0.4252098765144366,
    0.42513287892323837,
    0.4272425652994581,
    0.4253080867765556,
    0.42628899761037303,
    0.4247420568779486,
    0.4270929547524963,
    0.4264466356197919,
    0.4274476024722342,
    0.42805925647676935,
    0.4278324273903572,
    0.42708227627208495,
    0.42693096529848645,
    0.4279492912676883,
    0.4269819922904933,
    0.428670004246286,
    0.4270809572485153,
    0.42783063464040305,
    0.42579663819169067,
    0.42695375896455634,
    0.42809109191192385,
    0.4261504783323738,
    0.42828066912301765,
    0.42724046691599454,
    0.4269292182102452,
    0.4283319988321836,
    0.42875820514984697,
    0.42850505233588665,
    0.42900494054890304,
    0.42788197265422356,
    0.4285792180398637,
    0.4287577004823747,
    0.426710930280561,
    0.4281183471495263,
    0.4288451530782285
  ],
  "train_auroc": [
    0.5798415447282459,
    0.7627071890365411,
    0.8198629525576562,
    0.8354925281471266,
    0.8468025987989701,
    0.8525011588771412,
    0.8594493279075353,
    0.8646030694356834,
    0.8695389446172216,
    0.8753041062988051,
    0.8782390831902197,
    0.8829984626990132,
    0.8869709357227447,
    0.8913206667391482,
    0.8928980242547612,
    0.8954270692023283,
    0.8975499934359761,
    0.8998977578040382,
    0.9008900579685513,
    0.902293177678138,
    0.9047570024301365,
    0.9030607110848872,
    0.9070185752566714,
    0.9085674659400176,
    0.9087548852316749,
    0.9090029537296227,
    0.9121410062768922,
    0.9121815234943679,
    0.9126663744033688,
    0.9131373714654794,
    0.9142098011986108,
    0.9157924286650874,
    0.9164489790742913,
    0.9162386082817673,
    0.9179866884546317,
    0.9188139904171816,
    0.9189077597060261,
    0.919488411915737,
    0.9200183520808424,
    0.9203285966326982,
    0.9211362335488313,
    0.9218258921112674,
    0.9230547119301502,
    0.9222254763053579,
    0.9236946533926271,
    0.9247478385792801,
    0.9245775412584757,
    0.9251821083987591,
    0.9258171589634561,
    0.9256761458558596,
    0.9265443072344427,
    0.9274936536825824,
    0.9269879755029328,
    0.9281946193601792,
    0.92769669175618,
    0.9323439005334261,
    0.9329702860953484,
    0.9340355935786308,
    0.9348624818405074,
    0.9357065859293823,
    0.9358599281943167,
    0.9362292452467459,
    0.9358026979693941,
    0.9351931689957522,
    0.9373563452774316,
    0.9360867948435441,
    0.9381542005020662,
    0.9376683737774585,
    0.9391300418036761,
    0.9389136446758444,
    0.9393175506548936,
    0.9393564478455818,
    0.9396604583030993,
    0.9394332062141534,
    0.9394667574422205,
    0.9397952578841826,
    0.9388259680579243,
    0.9413504069698717,
    0.9392534204066126,
    0.9410028405724743,
    0.9393129290959044,
    0.941150056164802,
    0.9400551902879823,
    0.939962782855407,
    0.9406997900366278,
    0.9404897465589834,
    0.9411862975974887,
    0.9400078354396574,
    0.941707422415296,
    0.9413504190008957,
    0.9394596657285716,
    0.9404387741466782,
    0.9395377234633487,
    0.9393961288918338,
    0.9414190984931347,
    0.9418304313173858,
    0.9397623735160424,
    0.9412128767240596,
    0.9409980213606677,
    0.9401470708960762
  ],