{
  "train_loss": [
    0.7578188715564984,
    0.6580503207407464,
    0.5814738694104788,
    0.5529442915269458,
    0.5324760094735081,
    0.5211218857313035,
    0.5098113885419314,
    0.5010554585837,
    0.490292182224915,
    0.48173083273205036,
    0.48024919936819394,
    0.47322361232999394,
    0.466561022783939,
    0.46035939542953036,
    0.4570597640610054,
    0.4539598385572043,
    0.45052455599764085,
    0.44579812204689867,
    0.44358726055497616,
    0.4391558572102196,
    0.43694965435648603,
    0.43489376226149185,
    0.4309923167573125,
    0.4302913810114926,
    0.4252540837878283,
    0.42290441067708345,
    0.4234506509477655,
    0.4194280618360801,
    0.41776055389951133,
    0.4161805609187486,
    0.41364483509820676,
    0.4113830526018556,
    0.412148477921746,
    0.4078022091429453,
    0.40845846690916116,
    0.40721364475976835,
    0.40280022529884735,
    0.39900768727057156,
    0.39502590765609197,
    0.3869192469904334,
    0.38662005297000557,
    0.3851996522699466,
    0.3833395300607049,
    0.38538957475304075,
    0.38252372358337106,
    0.38554703873204726,
    0.38116153930925534,
    0.38055398681353025,
    0.3795364425755083,
    0.37721827061721686,
    0.3788517491163233,
    0.3783449667855466,
    0.37412581517612087,
    0.371863532334294,
    0.37029550392882826,
    0.3717785311077384,
    0.37166086544730403,
    0.37058848531986954,
    0.3694279084326204,
    0.37347896112767126,
    0.36861616061153024,
    0.36981855538348574,
    0.3690450499569105,
    0.36961549974749447,
    0.3648266935063815,
    0.3678128654924441,
    0.36645528703432567,
    0.3683468656820705,
    0.3666552330690646,
    0.36748734451490217,
    0.3675617992640714,
    0.3674792908960694,
    0.3663768602377691,
    0.36569125137767866,
    0.3644534634206871,
    0.3647199196353279,
    0.366479406623923,
    0.36687609257477,
    0.36555302085180913,
    0.36664743654149057,
    0.366351593255271,
    0.36725313595518577,
    0.3659451645965795,
    0.3651974215297614,
    0.36493588890160755,
    0.36521726885073025,
    0.3637095923042498,
    0.36738847412066056,
    0.3656979805760014,
    0.3668720701264989,
    0.36383597973888526,
    0.3656200236457484,
    0.36566452066224564,
    0.36560073205331145,
    0.36539624462890224,
    0.36712312115017465,
    0.36656685762789454,
    0.3651197937159537,
    0.3653247332271495,
    0.36546130376854646
  ],
  "val_loss": [
    0.6760686089919198,
    0.5915233538401872,
    0.5596716193983962,
    0.526237796148405,
    0.5279677227514432,
    0.5052980165668214,
    0.4999918043335686,
    0.49050626567003336,
    0.49585913406391624,
    0.49052543392385817,
    0.47009646314832504,
    0.47156569456120906,
    0.4606295094963333,
    0.45903194508925843,
    0.4637631303721905,
    0.45343790185973676,
    0.45496279876141044,
    0.44759575601837287,
    0.460200894439987,
    0.44799621321281763,
    0.44054319065859243,
    0.43322477605669496,
    0.44489338232997633,
    0.441030130331914,
    0.4451868139686478,
    0.4401384019340629,
    0.42635666338062017,
    0.43357315467877133,
    0.4314184741005093,
    0.4316703180286891,
    0.4307463016614443,
    0.4364118344686016,
    0.4350588365014424,
    0.4338813376615565,
    0.4389643792448373,
    0.4320490527186345,
    0.434708268116927,
    0.42998877912065414,
    0.42206974634475386,
    0.4264393613256257,
    0.42181000549551045,
    0.42307007509975486,
    0.4217990511561373,
    0.42333752175190686,
    0.426693216813355,
    0.4243810311001478,
    0.4255309519874416,
    0.42431190882124636,
    0.4219468136535886,
    0.426408660850676,
    0.42690711438600304,
    0.42754817025637026,
    0.41922926916658376,
    0.42319151325861315,
    0.42159418510368574,
    0.42500435725507174,
    0.4228288932093259,
    0.4240367793636909,
    0.42480717528566286,
    0.42592461544669685,
    0.42864271812314536,
    0.42491622551067454,
    0.42319186708133905,
    0.4235236294782839,
    0.4248140449015092,
    0.42571383525807505,
    0.4252417241704875,
    0.4228894411406557,
    0.42343632900481565,
    0.4233645002417551,
    0.4260265864119392,
    0.4257462502414671,
    0.4254981411858796,
    0.4245934084488317,
    0.42468336863375555,
    0.42611546710286313,
    0.4251842872627628,
    0.4242843681701632,
    0.4293680549889997,
    0.425376265602254,
    0.42529132287300087,
    0.42531777936392373,
    0.4263742214480184,
    0.4245739498931675,
    0.4263485300129858,
    0.4251533919478396,
    0.4243101988678654,
    0.42489849140681846,
    0.424771272180687,
    0.4260522258803873,
    0.4238217738001344,
    0.4254409644165999,
    0.4245425981833128,
    0.4262278552990813,
    0.4276828799198858,
    0.42540438444061135,
    0.42511313178777027,
    0.42554783507251115,
    0.42681708365317717,
    0.42449094628687783
  ],
  "train_auroc": [
    0.5717087361446043,
    0.723408146828386,
    0.8064135235840764,
    0.826270619955432,
    0.8397136176691902,
    0.846650941157536,
    0.8533549294914546,
    0.8584786063735032,
    0.8644365962585218,
    0.8689349771851281,
    0.8702715181355196,
    0.874626491602039,
    0.8781068610227832,
    0.8811944509524177,
    0.8835456806422544,
    0.8849870102523318,
    0.8874398520404093,
    0.8899031092040322,
    0.8911176787904007,
    0.8939977038262605,
    0.8950276727291976,
    0.8961295344894833,
    0.8978683117191361,
    0.8982261357769041,
    0.9013152502834056,
    0.9024224245333747,
    0.9018409769390541,
    0.9041492900026316,
    0.9054574738565493,
    0.9052612829620644,
    0.9070290009260362,
    0.9078766942387355,
    0.9081759568946263,
    0.9100617976695174,
    0.9094801569347404,
    0.9100612697279786,
    0.9122074378976579,
    0.9143873881725313,
    0.9158004643301753,
    0.9189480905384584,
    0.9197658634573236,
    0.9200724861728513,
    0.920737723343365,
    0.9201065758999436,
    0.9213228898047718,
    0.9202246016259097,
    0.9219204084783743,
    0.9227855004773697,
    0.9229770510711561,
    0.9242414307458022,
    0.9232930389711793,
    0.9230647412711718,
    0.9253333193279698,
    0.9256400106302114,
    0.9266120326841988,
    0.9258762152097992,
    0.9255937099377055,
    0.9267544356645145,
    0.9270657054522583,
    0.9251905469602442,
    0.9273249525990426,
    0.9269582502104535,
    0.9272601608036009,
    0.9270639440423656,
    0.9288265443126693,
    0.9277635475088613,
    0.9284202494771231,
    0.9271432543448996,
    0.9280846365986403,
    0.9277686849553035,
    0.9278175382066554,
    0.9277288944416362,
    0.9287406045402997,
    0.9286440306847993,
    0.9294573463597746,
    0.9294931526590926,
    0.9282258233689967,
    0.9281382301317613,
    0.9288579139992236,
    0.9285005802632311,
    0.9284692191668954,
    0.9278775794637707,
    0.928631597127747,
    0.929154199851026,
    0.9292377027813186,
    0.92896282220291,
    0.9296261515883115,
    0.9278261245282411,
    0.9289912127438553,
    0.9279734259736431,
    0.9295649842219937,
    0.9286007077615063,
    0.9282782524754117,
    0.9287982774971526,
    0.9288085001218755,
    0.9282520184352461,
    0.9283880652152046,
    0.9289835034931734,
    0.9288937263486055,
    0.9289083484715194
  ],