{
  "train_loss": [
    0.7241475687906742,
    0.6253083313245512,
    0.5716272223835889,
    0.5445151813581213,
    0.5305695869246626,
    0.5155362679706583,
    0.5044640050479217,
    0.4948352511943405,
    0.4878486651666436,
    0.483348597222261,
    0.47701944134129876,
    0.47162492550583307,
    0.4689971640221103,
    0.46148478769217743,
    0.458553334298164,
    0.4570470578886535,
    0.4502991142261226,
    0.4501111831815202,
    0.446329262127672,
    0.44391498943035007,
    0.4414843915008991,
    0.4413453210324042,
    0.4412509655330031,
    0.4379313126489,
    0.43655870276741165,
    0.43151028047147216,
    0.4310699091655983,
    0.4291612055214583,
    0.42752244415424995,
    0.4276845419652511,
    0.4268247306737652,
    0.42359801932202934,
    0.4190963713730897,
    0.42099481678712397,
    0.4212431935704695,
    0.4182384539002195,
    0.4169111039495613,
    0.416743950957131,
    0.4151101204542889,
    0.4128548867164912,
    0.4122136927996327,
    0.4075125045838889,
    0.4113419309094482,
    0.4137397773914498,
    0.4065583976976935,
    0.4095068367686994,
    0.40598104624468,
    0.4079388113288125,
    0.4058743349508278,
    0.40431723071188536,
    0.4011229337085134,
    0.40231299020735506,
    0.4012971804700783,
    0.4013329170691384,
    0.39893124436946975,
    0.3946599815258012,
    0.3986709611919942,
    0.3982700169421392,
    0.39602371065015396,
    0.39608023714276785,
    0.39608977532336537,
    0.3931768318301089,
    0.39407745256995574,
    0.3925648670415916,
    0.393062496947282,
    0.3927016177227111,
    0.39183475084478975,
    0.39160256158605,
    0.38217752795117826,
    0.37859918238881657,
    0.3797816840024219,
    0.379695946698277,
    0.3775001444084754,
    0.3753146471770132,
    0.3758257097730143,
    0.3758834185686248,
    0.37399909283343924,
    0.3755529619887684,
    0.3750942640339734,
    0.37121647063950636,
    0.37326359579279006,
    0.3726792080889148,
    0.37160668757446924,
    0.3724747718608622,
    0.37068668024597445,
    0.37004524422624135,
    0.3671430084262121,
    0.36756729776115166,
    0.3674572913673493,
    0.37005133091273,
    0.36808225359690044,
    0.3635795977837976,
    0.3655781245600058,
    0.36251138127316246,
    0.36379140854105124,
    0.36544603516865154,
    0.36715667026854043,
    0.36477196899015263,
    0.36485212583559734,
    0.3642434549817322
  ],
  "val_loss": [
    0.6651680763925444,
    0.5541093927171891,
    0.5346477278347673,
    0.5193884819329396,
    0.5121695032657471,
    0.5019186291312461,
    0.47766789335684584,
    0.47366276930562823,
    0.4703485705201468,
    0.4676927538642457,
    0.4682331017990148,
    0.4660645358382489,
    0.4570579152182786,
    0.45129345894859757,
    0.4538834091668249,
    0.4531651746415692,
    0.4442227299760017,
    0.44853213726640967,
    0.4514053429495144,
    0.4381380515851823,
    0.44099643979245884,
    0.4384329688126865,
    0.4399566091284614,
    0.44350846804754823,
    0.4313869897661538,
    0.43074798156253,
    0.42974056166016045,
    0.43121229274630657,
    0.43133581656778625,
    0.4324375852900805,
    0.43443943983688604,
    0.43070019877412447,
    0.4330018531020734,
    0.4348571518538494,
    0.43119999821899324,
    0.4292146600748153,
    0.4233635396792971,
    0.4264343200947565,
    0.42357496388138505,
    0.4262240072443234,
    0.42756015170653733,
    0.42778345603645124,
    0.4236810227364774,
    0.4258431292313454,
    0.4259704498631423,
    0.4266690187163144,
    0.42284255033881446,
    0.4232750330311277,
    0.42868107304546393,
    0.4243592381588455,
    0.43138991247685515,
    0.4195833921654693,
    0.4200499235250521,
    0.4204588854635084,
    0.4203449081619099,
    0.4200209622225357,
    0.4185111428240361,
    0.41948825457000555,
    0.42653825198615253,
    0.4217499836737712,
    0.42355577032474967,
    0.4235683284068041,
    0.4237745287589458,
    0.4294149545676666,
    0.42351094154920516,
    0.4247982997207695,
    0.4295090192795244,
    0.42597871935489795,
    0.42297120268724836,
    0.41988406587958005,
    0.4213141818137671,
    0.42204143861022264,
    0.4235129814390145,
    0.4179499015170397,
    0.41939393666339386,
    0.41866236808471113,
    0.42284277423119165,
    0.42251832526305627,
    0.4227388484780186,
    0.42024006359175,
    0.42082042785193025,
    0.42035518049193893,
    0.4191406662788551,
    0.42486081616076377,
    0.4198608329556084,
    0.4196455811132145,
    0.4202423106813031,
    0.42038792499513794,
    0.42046576732802593,
    0.42091617085393745,
    0.4189568942990796,
    0.41949373233684956,
    0.4229686070243999,
    0.422926082137802,
    0.42218523042733047,
    0.4226787293890538,
    0.42144862939460415,
    0.4216211586218511,
    0.421920361856601,
    0.42220206410109384
  ],
  "train_auroc": [
    0.6429665211285018,
    0.7690058417899176,
    0.8133497359525499,
    0.8322068781377603,
    0.8409158799553477,
    0.8499961726087355,
    0.8564413971940655,
    0.8610773666735483,
    0.8651210791783951,
    0.8690397528692407,
    0.8716797625114058,
    0.8756753518156813,
    0.8773479623549129,
    0.8811976968356876,
    0.8833728490590617,
    0.8835273433450018,
    0.8870990392833293,
    0.8871610407881815,
    0.889501919086141,
    0.8912926277697213,
    0.8918129246381028,
    0.8922431322257482,
    0.8922909259579321,
    0.894826751472387,
    0.8952770438027624,
    0.8974526842667825,
    0.8976508274043635,
    0.8988463919373257,
    0.8999940817858536,
    0.8996328935527774,
    0.9000072345113879,
    0.90194201872791,
    0.9046515451812143,
    0.9034493353255353,
    0.9026801244219963,
    0.9045886754707907,
    0.9051080050375877,
    0.9052805692260282,
    0.9065345122022475,
    0.9070619067466039,
    0.9073780166691056,
    0.9100251425735696,
    0.9077744934669171,
    0.9070185894888404,
    0.9099840106536647,
    0.9083341283304069,
    0.9106499077177468,
    0.9098369672873403,
    0.9108949640201094,
    0.9119919795495124,
    0.9129790046519625,
    0.9121997381833957,
    0.9129248922338247,
    0.9132569019478307,
    0.9141211762886232,
    0.9163074826868329,
    0.9139464942185346,
    0.9143679523740812,
    0.915468901628737,
    0.9157876275210268,
    0.915450001356676,
    0.9167314119114731,
    0.9160858743230962,
    0.9175695500822709,
    0.9169673891841936,
    0.9171490489948213,
    0.9172687696844474,
    0.9179954460584375,
    0.9220169057116989,
    0.9237899055061662,
    0.9224049700287836,
    0.922765562694736,
    0.9236354487371942,
    0.9248178156629067,
    0.924387907249367,
    0.9242890204519448,
    0.9253430562300469,
    0.9246002807125947,
    0.9249803709472498,
    0.9263699260509316,
    0.9253097439029921,
    0.925865750450259,
    0.9261957524877226,
    0.9262987275474243,
    0.9264510385701145,
    0.9268888388443828,
    0.928172012114846,
    0.9282381066418486,
    0.9279708702135723,
    0.9270151899023121,
    0.9276924583521381,
    0.9294228648667084,
    0.9288734982043727,
    0.9302301360056078,
    0.9299148703546355,
    0.9290431966010565,
    0.9277343975119213,
    0.9293031365194844,
    0.9289886174512906,
    0.9296069733068281
  ],