{
  "train_loss": [
    0.7229181163988133,
    0.6046822946514299,
    0.5498744449049436,
    0.5190066349671055,
    0.49925131388610433,
    0.4901317759312112,
    0.4783954744427189,
    0.4738307454998559,
    0.46802887441234997,
    0.45963867230232247,
    0.45760094418204156,
    0.4525030666591133,
    0.44844270695905386,
    0.4463349972430506,
    0.44491203903482046,
    0.43977834362108403,
    0.43662963971213026,
    0.43691321740633876,
    0.4336081943643704,
    0.4299689523650678,
    0.4262883388460227,
    0.426214789163589,
    0.4263383258536224,
    0.4256713821301274,
    0.4205638309450067,
    0.42178060328254263,
    0.4180387642310448,
    0.4164599444192959,
    0.41369029446246613,
    0.4144232282591659,
    0.414318146889284,
    0.4115221343255942,
    0.41069126953232404,
    0.40961565550052986,
    0.4093194488855526,
    0.4070966435285397,
    0.4006493678418961,
    0.3994151970885783,
    0.39754479753694777,
    0.39692184502083144,
    0.3958805364067508,
    0.39500537535620084,
    0.3905592963179725,
    0.3933675528423927,
    0.39111332084919914,
    0.39038563811564103,
    0.3911526793759256,
    0.3870960565144774,
    0.38995859855177584,
    0.3895411548263377,
    0.38726818787635725,
    0.38354059701444837,
    0.38418154362296925,
    0.38549259884858184,
    0.38495913606369925,
    0.3827145014510337,
    0.3854553041972257,
    0.3842511411239045,
    0.38631231691736273,
    0.38213524549634303,
    0.3823969936836969,
    0.38702962773796884,
    0.38317384641836466,
    0.38369557185408604,
    0.3833311566129219,
    0.38071323471726926,
    0.38356546458581714,
    0.38076785095847204,
    0.3831678654948824,
    0.3840691630077206,
    0.3854788914619411,
    0.38130777211106653,
    0.3818224310749338,
    0.3825666064318436,
    0.3822803969155483,
    0.38107563764924496,
    0.38407290119305343,
    0.3812518526549865,
    0.3824604634405773,
    0.3795239193409898,
    0.382000227808757,
    0.380889170602735,
    0.38261107540443223,
    0.38033536087710246,
    0.38101169265312995,
    0.38142827463719414,
    0.38149280955322007,
    0.3817792176237377,
    0.38307849708024355,
    0.3834990461853454,
    0.3841847154595092,
    0.3819471873854117,
    0.38374524864121085,
    0.3805153710561345,
    0.38073429482738463,
    0.38146904697046435,
    0.37852407609849814,
    0.38049167192978706,
    0.3830184149214602,
    0.38131596802185863
  ],
  "val_loss": [
    0.6748100183661142,
    0.6054043829829917,
    0.5916235855218971,
    0.5192520126825387,
    0.5699304968313091,
    0.507636274451534,
    0.5304297354881272,
    0.47062326874670757,
    0.5081570084030563,
    0.4847225882356009,
    0.4785093811773743,
    0.45873919221028364,
    0.4694613482723254,
    0.45503242354135254,
    0.4811913480518693,
    0.4970700479175927,
    0.5228227170849113,
    0.4944949616145999,
    0.4415834485262438,
    0.4661355549669221,
    0.474113956524297,
    0.4463684280565267,
    0.45513567933942933,
    0.4443705739368375,
    0.4288861068297188,
    0.4566930328033177,
    0.4354243365993926,
    0.48399495595210307,
    0.4421203567508438,
    0.43155283282987444,
    0.47316679400144507,
    0.438507827580364,
    0.48275046229695784,
    0.47111736639348123,
    0.43470750592183754,
    0.457039613592658,
    0.4289871235929242,
    0.4329877846283215,
    0.41881341003193995,
    0.42627734990177707,
    0.4388710211229902,
    0.437719776934813,
    0.4266296410438399,
    0.4369363751182574,
    0.4239431348284715,
    0.4294639430586023,
    0.4265870733007803,
    0.440312327870896,
    0.426156417243634,
    0.4257445535088741,
    0.43402671780635127,
    0.4296936879953489,
    0.4303935133510956,
    0.43289666565244483,
    0.42677506737806814,
    0.4312101310363798,
    0.4288483793948814,
    0.4333840903287054,
    0.42897144412727745,
    0.4311950118988336,
    0.42770071459616443,
    0.4345462166696426,
    0.4354328980316987,
    0.4294320806263766,
    0.4320109775437447,
    0.42607230728514706,
    0.4308183316526742,
    0.42851125577400473,
    0.4311117971487836,
    0.4308099933072772,
    0.4296291775216816,
    0.43426806748413305,
    0.4329831070246701,
    0.4328399022272115,
    0.43092618053579373,
    0.43283775987629564,
    0.42670887405919006,
    0.4350203770349099,
    0.42968690067613,
    0.4281518629579375,
    0.43119124700172085,
    0.4309068572710078,
    0.4347940640313983,
    0.4358937831982651,
    0.42826477362525206,
    0.4273713291080222,
    0.42834903862247486,
    0.43049519704194794,
    0.4336514305757343,
    0.42923143572709543,
    0.432077576901906,
    0.4267913714426206,
    0.4283561348248506,
    0.4291279269286882,
    0.4321126212667108,
    0.4251366756780061,
    0.4304832268405605,
    0.4304627544226651,
    0.42962147680155494,
    0.4315214174602594
  ],
  "train_auroc": [
    0.6572637397620197,
    0.7892708594948072,
    0.8304118362560734,
    0.8491861373301192,
    0.8605279683319077,
    0.8664012785434172,
    0.8733606497462597,
    0.8757582884685936,
    0.8794078172574326,
    0.8838333587793881,
    0.8854007968008126,
    0.8874718454993465,
    0.8890447460276263,
    0.8910866540901717,
    0.8914551600769681,
    0.894403260531676,
    0.8960722875470518,
    0.8955616944855158,
    0.8977518527237188,
    0.8991993896674628,
    0.9011479488427099,
    0.9011033740957544,
    0.9009859423235274,
    0.9014878246718708,
    0.904634979864182,
    0.9036233670208741,
    0.9049214273684975,
    0.9052290245545787,
    0.9076121841015101,
    0.9073945534098746,
    0.9072171883982412,
    0.9078671300236711,
    0.9086767779326325,
    0.9091086613810874,
    0.9091572741604677,
    0.9102916690031475,
    0.913706787084569,
    0.913621481998325,
    0.9152030544563133,
    0.9153307198049061,
    0.9150722512765833,
    0.9158644264401672,
    0.9179297267244784,
    0.9164335815655628,
    0.9179326783279578,
    0.9179609099245751,
    0.9179580330137138,
    0.9196610985176085,
    0.9181613401156814,
    0.9182504508994986,
    0.9194375415529855,
    0.9212484018151852,
    0.920792774359543,
    0.920066949856784,
    0.9204605466958007,
    0.9218206750176271,
    0.9201627042077805,
    0.9206814847702047,
    0.9195692953520385,
    0.9219397670797309,
    0.9214221975979657,
    0.919927463669667,
    0.9209394501555426,
    0.9211186034055437,
    0.9217006910143009,
    0.9225929248723137,
    0.9215448372694083,
    0.9227625167625094,
    0.9216497213755078,
    0.9207424663931831,
    0.9201603469144408,
    0.9226432167501699,
    0.9221927575586573,
    0.9218112090526004,
    0.9218113045439272,
    0.9220552716969557,
    0.921451125589922,
    0.9221899692229238,
    0.9215307030803579,
    0.9231183513988042,
    0.9217696416047558,
    0.9225188737264586,
    0.9212802172842524,
    0.9230500298357274,
    0.9222761315761114,
    0.9220625951273294,
    0.9222278010633906,
    0.9222279851683066,
    0.9206558880967872,
    0.9214740534924873,
    0.9212053163178289,
    0.9219612538331697,
    0.9212552024621482,
    0.9222597737692337,
    0.922459099683167,
    0.9223439390397984,
    0.9234178443012805,
    0.9223462999465981,
    0.9211541215155941,
    0.9222388848410144
  ],