{
  "train_loss": [
    0.7411960357526682,
    0.6520469719145008,
    0.5958232104122374,
    0.5721917297404143,
    0.5571230622315904,
    0.5436474374992399,
    0.532222119588479,
    0.5213324084155763,
    0.5152773991370195,
    0.5022519549380642,
    0.49580710268751904,
    0.4916884746185317,
    0.48500796476367264,
    0.48040643123658194,
    0.478212280222918,
    0.47388870828856744,
    0.4710397544844428,
    0.4683302799241935,
    0.46740955157627184,
    0.4645489130567762,
    0.4604085031395298,
    0.4607974246957212,
    0.45870804546644695,
    0.45402919013839055,
    0.4508786795011479,
    0.45116324962455423,
    0.4498215920610859,
    0.44815394824518584,
    0.44415703662885936,
    0.44279027158218703,
    0.4391112646253292,
    0.4375726953515178,
    0.4339203571190295,
    0.4371188219538117,
    0.4337399381018165,
    0.4303286234965734,
    0.43030902727290526,
    0.4308410746812318,
    0.4279779930062831,
    0.42703640068813836,
    0.42494832103131275,
    0.4240024216112,
    0.42463066373600444,
    0.42352768665062296,
    0.4203969969232533,
    0.41694182075178055,
    0.4196130734811871,
    0.4132742885822045,
    0.41667452088928536,
    0.41646874539887313,
    0.4151518763409541,
    0.41344789391349945,
    0.4076142726486557,
    0.41195301714699323,
    0.4102709245916218,
    0.40885718969627777,
    0.40961675734911834,
    0.407141787885531,
    0.40778754596770495,
    0.4034326376624142,
    0.4046019989080436,
    0.40513360896676576,
    0.4059433151159485,
    0.40160054503629317,
    0.4015309785936901,
    0.4012630616047153,
    0.3971697828775824,
    0.4012645051717144,
    0.3983894937199191,
    0.4004966932028581,
    0.3954745852341559,
    0.398130907300093,
    0.3973317132415383,
    0.39569867468778996,
    0.39413250595840577,
    0.3914604364109106,
    0.39222653609644026,
    0.38594338115722504,
    0.38358396904386477,
    0.3809950584565357,
    0.3802241856754315,
    0.3777217084519675,
    0.37926942098897115,
    0.3764363620033367,
    0.37878377661998647,
    0.37894235551008376,
    0.3816304229316765,
    0.3764305106442473,
    0.3761034347893231,
    0.3736184998017456,
    0.3765256619514835,
    0.37642725951859723,
    0.3746410850282855,
    0.3723892314571933,
    0.37501909587819243,
    0.3743410014877328,
    0.37346503792365077,
    0.3772316058481418,
    0.3709755655377231,
    0.36905278858243096
  ],
  "val_loss": [
    0.6567713446630459,
    0.5917260229643104,
    0.5491956857910583,
    0.5438440966472822,
    0.5332371819163746,
    0.5220396359835622,
    0.5030592337792318,
    0.49633393755385724,
    0.4872190109614668,
    0.4805382661806126,
    0.4818327214711199,
    0.4740211784228585,
    0.4761099127665481,
    0.47765070783236485,
    0.46891191443437075,
    0.46853876163886177,
    0.4694423310298955,
    0.47440664688227674,
    0.4612835915646371,
    0.4593998119859971,
    0.4555785199913707,
    0.46199508284922525,
    0.45051652490259436,
    0.45478004847634984,
    0.44648981930380766,
    0.44606516648427635,
    0.44820515085133233,
    0.4448744851578537,
    0.4487935116884315,
    0.45378704650982005,
    0.4476723747340075,
    0.4335425148916822,
    0.4331954920114142,
    0.44994818997627534,
    0.4338912464754668,
    0.4317568783880058,
    0.4335373509241284,
    0.4340224250498378,
    0.43810698262243103,
    0.4306941471528696,
    0.42811667047031327,
    0.4344726053777412,
    0.42699328898161454,
    0.4302142159414425,
    0.4303334576719183,
    0.42253838733657983,
    0.43295209247268257,
    0.426749802841167,
    0.42828483431003744,
    0.42981867649126365,
    0.430847814954116,
    0.42850615438299544,
    0.4274887663120437,
    0.4327405162593081,
    0.428514670098039,
    0.42188222399406755,
    0.4247838433724303,
    0.4280172903351104,
    0.4216235497513333,
    0.4239783214000709,
    0.42696591714555043,
    0.42742671673806715,
    0.42279345963674514,
    0.4291515394225925,
    0.43062581573261466,
    0.419258398367552,
    0.41999097289265813,
    0.4196676390535456,
    0.42915715775752,
    0.42324044408913764,
    0.4263654388730368,
    0.42922371053740116,
    0.42766691492965925,
    0.43075339139229984,
    0.4266544005521968,
    0.43744425213125854,
    0.4357317794680262,
    0.42657020740829,
    0.42495980622717294,
    0.4253543567013096,
    0.42949753480321984,
    0.42441843382021255,
    0.42357454437134096,
    0.42572205803267665,
    0.4288247360154389,
    0.42212110282879284,
    0.4166788989044413,
    0.4206168698520163,
    0.4213971782819423,
    0.42368885491456476,
    0.4207737819124135,
    0.4268276981127562,
    0.42929380518303556,
    0.42445962776786683,
    0.42777477175636147,
    0.42263059225020183,
    0.42349588684911277,
    0.4246689672239007,
    0.42457458004702614,
    0.4258112106940953
  ],
  "train_auroc": [
    0.6024697247156421,
    0.7435015181240994,
    0.7955074775200353,
    0.8132927367885799,
    0.8235498701448252,
    0.832385278981292,
    0.8398953882997113,
    0.846448893197791,
    0.8496668431667305,
    0.8571092936094571,
    0.8612465942435228,
    0.8632479895274906,
    0.8673250352884765,
    0.8695096514378259,
    0.8706069593714145,
    0.8729507169907208,
    0.8740969662039347,
    0.8758412773109564,
    0.8764115188441833,
    0.878104649512288,
    0.88035688669091,
    0.8802111653710694,
    0.8815768336806745,
    0.8837935625895914,
    0.886289925486859,
    0.8857692119518493,
    0.8876668845835067,
    0.8881354869480018,
    0.8907053904848793,
    0.8911228084742708,
    0.8923967573025265,
    0.893788225631376,
    0.8953602793156874,
    0.8951850332429574,
    0.896169924567549,
    0.897302112775808,
    0.8974843095341285,
    0.8973301330952215,
    0.8983203594510953,
    0.9005008498866507,
    0.9003635718600128,
    0.90106652286254,
    0.9008602441197278,
    0.9015872535796777,
    0.9026718404290667,
    0.904610302699048,
    0.9045737721335981,
    0.9069718027761736,
    0.9053391316708068,
    0.9051910096069262,
    0.9059212305274696,
    0.9063646762387597,
    0.9097558973618564,
    0.906722962428624,
    0.9075914427503609,
    0.9093892305437848,
    0.9081464306429934,
    0.9094985047392186,
    0.9091050526221574,
    0.9113049625092038,
    0.9110554248366991,
    0.9107523372033959,
    0.9102165242087901,
    0.9126249178991961,
    0.9125518759744142,
    0.9129029211560512,
    0.9154766571095926,
    0.9122992561783548,
    0.9142470653071133,
    0.9126967927467146,
    0.915299719747146,
    0.9143949551350766,
    0.9146622067768757,
    0.9153690482434618,
    0.9155120042891262,
    0.9177824208051497,
    0.917127231545509,
    0.9187250968947759,
    0.920095307107869,
    0.9216535426265462,
    0.9222743792333503,
    0.9237108431185841,
    0.9222380767596923,
    0.9236754241823998,
    0.9223781488522923,
    0.9227608864857477,
    0.9212019797020531,
    0.9238094072873275,
    0.9244328371212396,
    0.9247791682968192,
    0.9235597430861675,
    0.9239007089949431,
    0.9244524015789273,
    0.9253037512240236,
    0.9245840505500047,
    0.9246860210805202,
    0.9244197387919162,
    0.9235699423899411,
    0.9261535007581425,
    0.9265932045916656
  ],