{
  "train_loss": [
    0.7327011577197132,
    0.6384297382270556,
    0.5797265644124843,
    0.5615164965523738,
    0.5477505104655098,
    0.5333354740783667,
    0.5236765993783022,
    0.5173636060971283,
    0.5082317121524047,
    0.4983034123653719,
    0.4945551433250067,
    0.49054639094106434,
    0.48533911214196357,
    0.48319730510814385,
    0.48113192219110096,
    0.47495017514885296,
    0.47439117073398707,
    0.47073038261853906,
    0.4661508356344223,
    0.4662730516649973,
    0.46225165071768776,
    0.4573368813569527,
    0.4580463441605591,
    0.45737390762691726,
    0.45253534742385265,
    0.4514963312440442,
    0.4468452688528988,
    0.44680954544891993,
    0.4452902884637966,
    0.44668899561308834,
    0.4447428058598254,
    0.4425344728622468,
    0.44210751064067644,
    0.4367493826453732,
    0.4353344456648776,
    0.43550883929586,
    0.43202224957164237,
    0.429423701132357,
    0.42974658032346735,
    0.43130386664894754,
    0.4259523794637634,
    0.4233193552499631,
    0.4206234125140902,
    0.421766399681303,
    0.4222396330960711,
    0.4198682746335121,
    0.4190991269749463,
    0.41836280046539825,
    0.418173211822742,
    0.41666213455983947,
    0.4148332906729498,
    0.41725726367382837,
    0.41491630691550874,
    0.4109109228708459,
    0.40947419176110617,
    0.411765205200035,
    0.41008370987734283,
    0.4124005924647766,
    0.40817280366643477,
    0.40553877816158945,
    0.40722209425894723,
    0.405726880532912,
    0.4058732124269218,
    0.40386911199540004,
    0.4036102055093774,
    0.4056080901365988,
    0.3997082627369464,
    0.4020916741002055,
    0.39988831986981294,
    0.39855904748444815,
    0.4001301092374132,
    0.39708631731843647,
    0.399517534000202,
    0.39558002451101976,
    0.3873974042498683,
    0.3849821525277647,
    0.3834863546175969,
    0.38526462473095624,
    0.3847774449946087,
    0.38003558985273167,
    0.38243369264447474,
    0.3798934243387429,
    0.38086124119337705,
    0.3806447496433164,
    0.3800912180261739,
    0.3782110889408466,
    0.3725081778499288,
    0.3714487464791912,
    0.37388524601510303,
    0.3733083205099157,
    0.37151727145238994,
    0.3731452928329625,
    0.37437671202458866,
    0.371839491859361,
    0.37421072175535713,
    0.3721676490550241,
    0.37235829194349584,
    0.3710285107066776,
    0.3717964885246556,
    0.36965169003126463
  ],
  "val_loss": [
    0.6495112663990742,
    0.5799534032529242,
    0.5467879239466295,
    0.5354572287921248,
    0.5183197707076663,
    0.50931740384844,
    0.5007032380410699,
    0.4966407125505019,
    0.4945700936859607,
    0.4875310156129835,
    0.48458786871204396,
    0.4777765420143113,
    0.4727427765018787,
    0.48048815006201,
    0.4691292363021936,
    0.47108702301867966,
    0.4682487613779301,
    0.4669663050912411,
    0.4646523885102552,
    0.458268233886525,
    0.46067002318445366,
    0.4581890600869729,
    0.4502401281103061,
    0.45099637540055565,
    0.4481337521249517,
    0.45263159672234066,
    0.4447348810530998,
    0.44996835945481356,
    0.4472469730512738,
    0.47047957553001396,
    0.44503593464266555,
    0.4399060876371698,
    0.4425920056941236,
    0.43867497778005504,
    0.4393297270537534,
    0.4426065082041215,
    0.43470675039269163,
    0.44204828281993636,
    0.4359582492045343,
    0.4434110204249148,
    0.4390259495652511,
    0.43042311014022544,
    0.4338818549109972,
    0.43782888984746837,
    0.43035855150511637,
    0.43148079267308076,
    0.43926035058020657,
    0.4341249647311595,
    0.43237512784368615,
    0.431963416564609,
    0.4401459956102469,
    0.4256227134491724,
    0.4296625370414926,
    0.43096555479197224,
    0.4262220316253193,
    0.4234815857894823,
    0.43347100962130464,
    0.42488003760326276,
    0.43552948652531426,
    0.4344134635716427,
    0.43877119445289725,
    0.4328262731224604,
    0.4210007153486161,
    0.43130073209622144,
    0.44431797944821716,
    0.4296977901058784,
    0.43252232618011943,
    0.43544591109217157,
    0.4293802019767637,
    0.4357379986822105,
    0.4279687576002866,
    0.42638724564617186,
    0.4276030215557113,
    0.42257766357561416,
    0.4296147762507006,
    0.42710243827921146,
    0.4278087394879671,
    0.4255830598066371,
    0.42718664336626705,
    0.4237921931481428,
    0.42441023712611486,
    0.4247772679468903,
    0.4247918245899044,
    0.42899415794089923,
    0.42676408537502947,
    0.4281424408134521,
    0.42833839486051917,
    0.42645039807272533,
    0.4243754577603389,
    0.4265443346318194,
    0.42496168480114965,
    0.42657741151562606,
    0.4250540221170744,
    0.4268326469925332,
    0.4246606301839176,
    0.4247511420589902,
    0.4259238347536142,
    0.4262425955332892,
    0.42557220023476067,
    0.4261176519491688
  ],
  "train_auroc": [
    0.6209454850214258,
    0.7566796870571529,
    0.8080139251337303,
    0.8203360534397568,
    0.8295785953509112,
    0.8391876718033393,
    0.8451535074773984,
    0.8482416738147133,
    0.8537809333455835,
    0.8594451589473672,
    0.8619769122170249,
    0.8638116036641144,
    0.8656806744126049,
    0.8675689383978133,
    0.8695828650302133,
    0.8720335893462299,
    0.872194429988632,
    0.8740706760290051,
    0.8772766662145559,
    0.8774818152897459,
    0.8797300872824683,
    0.8812408031339758,
    0.8815366114304446,
    0.8817180528209148,
    0.8852565403217065,
    0.8856498941267557,
    0.8880131717075199,
    0.88752006276826,
    0.8884743845631948,
    0.888338111609766,
    0.8891457560292994,
    0.8898099797942288,
    0.8901703604158918,
    0.8938762774266156,
    0.8948925345193397,
    0.8941753257122633,
    0.896626840809621,
    0.8979206101824375,
    0.8968433200938635,
    0.8974335279049115,
    0.8995696505287437,
    0.900299356914502,
    0.9021638016638471,
    0.9021989441313069,
    0.9013787976840344,
    0.902849342296564,
    0.9032956952894522,
    0.9046678415130183,
    0.9042918313553774,
    0.9046472422795376,
    0.9057594256037914,
    0.904470203785082,
    0.9056497066870591,
    0.9077033975034692,
    0.9077807030586311,
    0.9074729209404557,
    0.9084063756993136,
    0.9069379269485305,
    0.909145561599178,
    0.9104353987250299,
    0.9094046586874596,
    0.9097769510439381,
    0.9094512319993354,
    0.9111986983817191,
    0.9120953996141554,
    0.9103004576271903,
    0.913054068214393,
    0.911752008392265,
    0.9130438782412699,
    0.9135050381832368,
    0.9130701016691933,
    0.9147733809300732,
    0.9134245571541761,
    0.9153196586532313,
    0.9183729423656655,
    0.9194986957327432,
    0.9199049364695098,
    0.9192247818144047,
    0.9195793091526951,
    0.92182474581127,
    0.9208952933419164,
    0.9222254813942153,
    0.9215747483760224,
    0.9219738270529746,
    0.9217349251799646,
    0.9226841907672771,
    0.9250053457937328,
    0.925592741556731,
    0.9239523810864233,
    0.9246197179800733,
    0.9251618566549237,
    0.9254346179506949,
    0.9243449040100543,
    0.9259963106794278,
    0.9243979263357193,
    0.9251073495565911,
    0.9252865070140238,
    0.9258516448442398,
    0.9256145073058766,
    0.9271105488026024
  ],