{
  "train_loss": [
    0.7611991291553012,
    0.7011979125584911,
    0.6408888507827164,
    0.6182943883279368,
    0.5955784209185979,
    0.5600446725555952,
    0.5377150823823799,
    0.518722730396336,
    0.507312996511408,
    0.49901793406959216,
    0.4903104413005067,
    0.4843678563742525,
    0.47733017193771476,
    0.4731175605878426,
    0.4654684216935415,
    0.4644203383786928,
    0.45952334264574607,
    0.45684718949625625,
    0.4503328828740751,
    0.4520611598323642,
    0.4489295015678951,
    0.4437885738750499,
    0.43899292669260537,
    0.43708818908096114,
    0.433183889406064,
    0.4301469715731229,
    0.43044045546579013,
    0.42859059697820834,
    0.4243258889079847,
    0.42388239489648916,
    0.41894834531020625,
    0.41992955452327957,
    0.4178057898265979,
    0.4145415249249885,
    0.41196703155826164,
    0.40939554461855654,
    0.4096956231839147,
    0.405271691953346,
    0.40501254924676144,
    0.40157983297348243,
    0.3991042883690334,
    0.40058621628813096,
    0.395255749865065,
    0.39561785415278977,
    0.3914651632992788,
    0.3937879699269047,
    0.3923619134982669,
    0.3912020201315731,
    0.38707742719509597,
    0.38629471887277234,
    0.3720941126723391,
    0.36596882355154553,
    0.36538803228531475,
    0.36423486694466783,
    0.35969122492075245,
    0.3587403550649856,
    0.3625041153190343,
    0.3584105683151773,
    0.35597291143597554,
    0.3567785412261537,
    0.35145941355054816,
    0.3500262589427856,
    0.35003450729198854,
    0.34621283949272774,
    0.3482872073110555,
    0.34541552533899084,
    0.3486402492016882,
    0.3482198439166909,
    0.34861852819315026,
    0.34609980211691116,
    0.3440076078625592,
    0.342797469434066,
    0.3452668900206228,
    0.3457805789890236,
    0.3416080296988567,
    0.3440471329780575,
    0.3427355085218073,
    0.3437694925505226,
    0.34294656019555797,
    0.34244229523646025,
    0.34117742488825803,
    0.34049272195317654,
    0.34242429791331935,
    0.34233642514822105,
    0.34284125868901805,
    0.3379697292394198,
    0.34173135798894616,
    0.34044825044763477,
    0.3413901622458382,
    0.3393546438585593,
    0.3424571216511129,
    0.34076606230193185,
    0.3407265327694656,
    0.3391687047757859,
    0.3423850703674858,
    0.34170022736637357,
    0.34271483483009724,
    0.3418632269017285,
    0.3390140755481894,
    0.33948104216465763
  ],
  "val_loss": [
    0.7154006802469131,
    0.6536294979018133,
    0.5883305250542917,
    0.6093545665500992,
    0.5592224655702418,
    0.5319617378411733,
    0.5088794268077484,
    0.5020582383187819,
    0.4872243277735501,
    0.48577882142569123,
    0.4735219037543916,
    0.47584562554941595,
    0.466777293846525,
    0.47026468428738855,
    0.46107578060944726,
    0.45792502628679266,
    0.4582231896343569,
    0.4630297832086835,
    0.4612151099662301,
    0.4596837204911391,
    0.45847099586168627,
    0.47494583822029945,
    0.4463353218703434,
    0.4612962748553302,
    0.4551480996864262,
    0.45933429009427784,
    0.4487959633113509,
    0.44661512148791344,
    0.44239996927759967,
    0.4444736175079381,
    0.4461547657361346,
    0.4393492016910062,
    0.4547172818135015,
    0.43922603646951197,
    0.4498414325303045,
    0.44117091536410813,
    0.43734707881220014,
    0.43565134380537,
    0.43315423340410797,
    0.441455889336994,
    0.44351786980535646,
    0.4380697279140867,
    0.4358833942419996,
    0.4401471758433179,
    0.4459862115776439,
    0.4479979350815726,
    0.44450265716306536,
    0.46226371912231873,
    0.4510063333480245,
    0.4442616840555417,
    0.44513310618413904,
    0.446848843187677,
    0.44587800687201534,
    0.4411891725501054,
    0.44480135150857875,
    0.4526434479088619,
    0.4517447515724978,
    0.45484901374450715,
    0.4405650289005358,
    0.4588887464022481,
    0.45333736393347257,
    0.4483400205808161,
    0.4469546517088162,
    0.4494123066682629,
    0.45432111012635673,
    0.45869985483899256,
    0.4506074001549119,
    0.45222293539016134,
    0.45216063464898876,
    0.4542224182220452,
    0.4514438414118163,
    0.45139342079846967,
    0.4520814003559994,
    0.45079156900829837,
    0.4546363625366446,
    0.45281315894184665,
    0.45202444553486343,
    0.45539687733614653,
    0.4535575744879101,
    0.4525468332514181,
    0.45529986388863297,
    0.45673197169006147,
    0.45255060470337527,
    0.45424564659095545,
    0.4532549227661655,
    0.45469061295672875,
    0.4540476136860843,
    0.4537604933627165,
    0.4542835905023079,
    0.4545855612145999,
    0.4537700370773465,
    0.45512908619358955,
    0.45464013137777387,
    0.45490990319434216,
    0.4545104549737701,
    0.4546241927457989,
    0.45493380382365417,
    0.4549207639883082,
    0.4544841149424351,
    0.45470713708074095
  ],
  "train_auroc": [
    0.5313649127280495,
    0.6823186452725553,
    0.7564700925625998,
    0.773988367641931,
    0.7865030619422614,
    0.8163655699661616,
    0.8325413555939647,
    0.8452516650535153,
    0.8528259841380855,
    0.8578224874889219,
    0.8623686395699534,
    0.8652107136185198,
    0.8695730042966344,
    0.8717364415599889,
    0.8758128739122597,
    0.8767158644950382,
    0.8791269905505661,
    0.880675243451188,
    0.8839414309601143,
    0.8828715259416624,
    0.8852262551177446,
    0.8876843720552244,
    0.8903459330452548,
    0.8913045215072637,
    0.8931640994667753,
    0.8950975787773638,
    0.8944304723076002,
    0.8960779001192315,
    0.8983953998080239,
    0.8986457209381014,
    0.901240117407584,
    0.8996967977006902,
    0.9017641322185452,
    0.9035332202849204,
    0.9044181768625121,
    0.9054603135360832,
    0.9060905695786399,
    0.9079441097334064,
    0.9080298939338058,
    0.9105590542635607,
    0.9123445903165232,
    0.9116692573036134,
    0.9133060935226929,
    0.9130608493348097,
    0.9157372602389027,
    0.9141848164614245,
    0.9149708417790385,
    0.9154649207810306,
    0.9182249009015414,
    0.9175718052443118,
    0.9241579254154895,
    0.925766075755742,
    0.9274190754247826,
    0.9274960664728675,
    0.9299130372576199,
    0.9292406913301374,
    0.9287167090924807,
    0.9295037269031146,
    0.9308238770397259,
    0.930581003081935,
    0.9326128142260037,
    0.9336671282887878,
    0.933293102744573,
    0.935244511715727,
    0.9338610119623469,
    0.935090852615857,
    0.9339373671778933,
    0.934631412583843,
    0.9344322727931378,
    0.9356903277245173,
    0.9360127557966708,
    0.9361030985895582,
    0.9355149573960561,
    0.9350048663984798,
    0.9371071960694509,
    0.9359985555509607,
    0.9365554269608193,
    0.935908426538965,
    0.9363159761799557,
    0.9368270662128833,
    0.9370316228294233,
    0.9375339833866153,
    0.9365877782787111,
    0.9367732821331747,
    0.9364156184693416,
    0.9387416785172815,
    0.9373328618017012,
    0.9370582267069254,
    0.9373125196647528,
    0.9380159560210062,
    0.936645677884026,
    0.9371111964814383,
    0.9372414057186875,
    0.9377759265702894,
    0.9367584502968472,
    0.9367995702044685,
    0.936548652304068,
    0.9373509206464116,
    0.9383169754047311,
    0.9377509445828123
  ],