{
  "train_loss": [
    0.7616983185856104,
    0.7086340945237584,
    0.6694256910756388,
    0.6681712225822676,
    0.624302534986173,
    0.5929538113427257,
    0.5763123728887897,
    0.5406319483385463,
    0.5230468848889841,
    0.5066261688682129,
    0.4948953632670916,
    0.4886901913691784,
    0.4807814880978779,
    0.4754348332570437,
    0.4649165247662289,
    0.466005229190763,
    0.4607765569784021,
    0.4525491604199875,
    0.45095524347462046,
    0.44893178641726333,
    0.44537569192052584,
    0.4415197913358095,
    0.4390903699875324,
    0.4343224653341373,
    0.43371141641404026,
    0.42901857915652547,
    0.42660617278515944,
    0.4249976124118179,
    0.42229215368485457,
    0.41710592554788406,
    0.4147898975146568,
    0.41629236280652965,
    0.41072128649283784,
    0.4102662492973468,
    0.4065022603587952,
    0.40667772012581954,
    0.4047471183338871,
    0.40026501541225895,
    0.39728570842011646,
    0.3965924431054605,
    0.3943211359724845,
    0.39116600118150086,
    0.3890629047617313,
    0.38820401818655714,
    0.3889356244297001,
    0.384826506274111,
    0.36604453243351853,
    0.36459949052995333,
    0.3641493361459853,
    0.36035183788015757,
    0.3604282336460012,
    0.35778545114983445,
    0.3585147536267053,
    0.35893872900802953,
    0.3567527415419708,
    0.3545432277765187,
    0.35246408510769145,
    0.34966794770709025,
    0.34768321149328557,
    0.34923218267775064,
    0.3490553711231574,
    0.34250453413160814,
    0.34397453507894765,
    0.3445235880231779,
    0.3415242779578685,
    0.3450442693309409,
    0.34312624113254375,
    0.34181001339324935,
    0.34211749292681576,
    0.344053216091896,
    0.34068173065422236,
    0.3407346689709454,
    0.33867709776523997,
    0.3417530517350927,
    0.33867524030113133,
    0.3402105439702902,
    0.3377111917132657,
    0.33812422312497814,
    0.3378673692521042,
    0.3411131714091483,
    0.3397187796305561,
    0.337483042145021,
    0.3390801731777035,
    0.33835907573862956,
    0.3405588147610084,
    0.3382582092726155,
    0.3386277936781019,
    0.33499501819661953,
    0.3371659796471284,
    0.3396616371767606,
    0.3386166652774007,
    0.34011067863483113,
    0.33806463448037255,
    0.3374460915775607,
    0.3392890009464745,
    0.3391856578453674,
    0.34025155449884886,
    0.3367109931037231,
    0.33756071934094894,
    0.3381159329506475
  ],
  "val_loss": [
    0.7415018589943231,
    0.66951937566599,
    0.6092890412143093,
    0.6174545148101124,
    0.5790495787506779,
    0.5655132470459774,
    0.5381372855405105,
    0.5121711715847559,
    0.5135741213827854,
    0.48672328090845485,
    0.4835230093744461,
    0.4823504911886679,
    0.47658151746462796,
    0.46830350582775176,
    0.46662957576092223,
    0.45941331310463307,
    0.4692874586926591,
    0.4518496723566118,
    0.45381582072152227,
    0.44968937435998946,
    0.4508068814859808,
    0.45023326566034905,
    0.4495200436190812,
    0.4534111510674085,
    0.445485000091519,
    0.4389794108641003,
    0.4653339841770215,
    0.455827654296843,
    0.44765848637960387,
    0.44126009507814745,
    0.44650496888249586,
    0.4434462930149601,
    0.44052589142422527,
    0.4450997782720102,
    0.43530193046221416,
    0.43896872035721585,
    0.4485356469412108,
    0.43557441231811145,
    0.44115439460084244,
    0.44914167488943385,
    0.4512606687003613,
    0.4424749725296024,
    0.4634386803486141,
    0.44460201005122424,
    0.44690269748406886,
    0.4505213578227293,
    0.44683786987813967,
    0.442615141906365,
    0.4458471349156692,
    0.4521953203582586,
    0.4443882189670236,
    0.45137440313941835,
    0.44754840784948335,
    0.4433033981560994,
    0.4428957622682282,
    0.44746695938003694,
    0.4487879878988026,
    0.4482838753662927,
    0.4517137429920847,
    0.4500297733199785,
    0.4494163935582213,
    0.4559780556469017,
    0.4529496804643544,
    0.458698486848513,
    0.45277627608205046,
    0.45365071491115244,
    0.45524678700790155,
    0.45928476180079264,
    0.4547626000359474,
    0.45641352226549736,
    0.4575487620232823,
    0.45620810882798557,
    0.45709034428347634,
    0.4555822702234078,
    0.4587449234496292,
    0.45561925393337416,
    0.4598882162504294,
    0.4575132046308011,
    0.45831297386614717,
    0.45713035347077297,
    0.45723800445869495,
    0.4587028282386392,
    0.4584173130466909,
    0.4581908428935614,
    0.4580215457323435,
    0.4579638981808043,
    0.4583809538245312,
    0.45975926099041303,
    0.4584071426222731,
    0.4588013256084997,
    0.4586919941639967,
    0.4588546914856565,
    0.4587214614671741,
    0.4586968765509873,
    0.4587976851978818,
    0.45849105038047394,
    0.4582872961518482,
    0.45833080048774405,
    0.4582928331622651,
    0.45865452761752296
  ],
  "train_auroc": [
    0.5235887695869058,
    0.6639356381152313,
    0.7269725779044292,
    0.7143661516717266,
    0.7709632262134911,
    0.7974250746978288,
    0.8094914666062195,
    0.8342308322390719,
    0.8446588760087265,
    0.8544628105734027,
    0.8607642693729649,
    0.8646601361343961,
    0.8685709182962961,
    0.8704647747257104,
    0.8764559274198787,
    0.8760609988120487,
    0.8778420992983071,
    0.8825189354965568,
    0.8829759153856607,
    0.8842553151819271,
    0.8867712110041505,
    0.888528996059416,
    0.8894409703032474,
    0.8928593682153599,
    0.8924991780039886,
    0.895289942829244,
    0.8963680257678215,
    0.8974289245519951,
    0.8989802421301007,
    0.9015383881591513,
    0.9026617088765594,
    0.9028815346416967,
    0.9054225453789704,
    0.9065320134855359,
    0.9074163713603489,
    0.9084698251072377,
    0.9085268990301615,
    0.9109976141468179,
    0.9128248416540752,
    0.9131239945727727,
    0.913622471422556,
    0.9155785677592148,
    0.915697465592521,
    0.9170869571212003,
    0.9167385473231914,
    0.9187266883549721,
    0.9257994538249925,
    0.9267827124042041,
    0.9267133837731315,
    0.9283652220177757,
    0.9291112972533003,
    0.9299132642883898,
    0.9300865076053519,
    0.92897118384334,
    0.930222745513956,
    0.9309466896024805,
    0.9318154117382752,
    0.933092575997961,
    0.9338391904914475,
    0.9336708697254272,
    0.9335311572057141,
    0.9357423463517747,
    0.9356227975934486,
    0.9351768723247813,
    0.9364393276121443,
    0.9355137695895288,
    0.935379849458295,
    0.9362901396985421,
    0.9372143497035267,
    0.9355864157246223,
    0.9368390409505138,
    0.9365701886640002,
    0.9382789909674574,
    0.9366743289270584,
    0.9375674420984351,
    0.9367871595215542,
    0.9377176567165457,
    0.9377053972105711,
    0.9378942585177406,
    0.9366732123454438,
    0.9376969909039736,
    0.9376540967623541,
    0.9376706319436992,
    0.9375663356071522,
    0.9366976674039962,
    0.9380905944808311,
    0.9377926615539953,
    0.9390373036271372,
    0.9378360230238281,
    0.937309282371374,
    0.9378100803351913,
    0.9366078032116983,
    0.9381554638484562,
    0.9380068646431974,
    0.9376238586997805,
    0.937538926020652,
    0.9372419434007921,
    0.9383922998926391,
    0.9380181526638236,
    0.938006410868937
  ],