{
  "train_loss": [
    0.6820323955982024,
    0.5975430580023943,
    0.568989907416882,
    0.5484559481274018,
    0.5351570353550421,
    0.518698886319475,
    0.5079646796176485,
    0.49762071440577704,
    0.4927736658230511,
    0.48521172657026335,
    0.4787773917483881,
    0.4726833707762669,
    0.4722925194586448,
    0.468170150231768,
    0.46401189764108125,
    0.463011425654019,
    0.45664541777445766,
    0.45517813362524845,
    0.4507027666634627,
    0.45080962972517064,
    0.4493923257313297,
    0.447279389556022,
    0.44114111722897265,
    0.4426539869225854,
    0.43981398772199715,
    0.43499845625700534,
    0.433367245874425,
    0.4340002205047527,
    0.43198944599280675,
    0.42752834214619356,
    0.42667001689577294,
    0.42612603446326974,
    0.42422198671503053,
    0.42494335377755027,
    0.4261520050555028,
    0.4225169454294132,
    0.4182811906259028,
    0.4171570014532152,
    0.4203675721713794,
    0.41830627624755773,
    0.41567138736852577,
    0.41176802978474314,
    0.4107946037576283,
    0.40974185789700446,
    0.40785521213021947,
    0.4063897215630628,
    0.40718221157838075,
    0.4079359827318506,
    0.40572632183182356,
    0.4020751228909726,
    0.4035491814409031,
    0.40012379573648077,
    0.4001668777043801,
    0.39889447413013346,
    0.39669146835873764,
    0.3856506174117557,
    0.3787031906936688,
    0.3751279556536334,
    0.3756618159237636,
    0.3744649333603291,
    0.37193935755766744,
    0.3718426378430318,
    0.368427514080922,
    0.37014031964954963,
    0.3690410721039666,
    0.36778908596751114,
    0.3632009830862263,
    0.3615576477707814,
    0.3587410553881615,
    0.35657356822834,
    0.3538991929677576,
    0.3568911052607061,
    0.3573733321525151,
    0.3574879257594135,
    0.3553204627289367,
    0.35829424157518885,
    0.3559035783879122,
    0.3527868522173681,
    0.35373405345679165,
    0.356994810399672,
    0.35349427959422713,
    0.35133548044985335,
    0.35149104518149055,
    0.3533786524377643,
    0.3535954593090954,
    0.35010023551505276,
    0.3521547299083405,
    0.35325986322070474,
    0.35022445659787055,
    0.3511733618588672,
    0.3510735221669423,
    0.3526781964109475,
    0.3515310963906664,
    0.3516105785355359,
    0.3505219672441315,
    0.3497670138644212,
    0.3497093621684137,
    0.3504746080742762,
    0.3528321602812865,
    0.35151774148923176
  ],
  "val_loss": [
    0.594755107514345,
    0.5524994014360476,
    0.5138523038702375,
    0.4980448731616181,
    0.4805275622862916,
    0.4859128703831071,
    0.468068642140768,
    0.4690680923799655,
    0.4686163976330237,
    0.459489418709267,
    0.4569250375226848,
    0.45398632233540587,
    0.45368755888627826,
    0.45072120891923895,
    0.4446035595220155,
    0.44635168934468344,
    0.44359759712819175,
    0.4432776791407255,
    0.44611701002658694,
    0.4426035787163776,
    0.4410122812683073,
    0.43605422512571723,
    0.44050953794836667,
    0.4364793080374779,
    0.43494396163055193,
    0.4323219291428373,
    0.4409606195396057,
    0.4361947923204328,
    0.4359604119143526,
    0.4339307063890192,
    0.436115756866983,
    0.4333864310192151,
    0.43319493296095285,
    0.4308529147619637,
    0.4248974028304705,
    0.4316958050414545,
    0.4252654567069243,
    0.4324578500638359,
    0.4304877189365593,
    0.4300542439907817,
    0.4284762793462741,
    0.4320434426605868,
    0.4231164014906052,
    0.42155961910365125,
    0.4261825479365684,
    0.43188287094165984,
    0.4283193380945993,
    0.4314317051373346,
    0.4306669482980392,
    0.43392242628730354,
    0.4279602883246494,
    0.4349362561887153,
    0.42897882238238744,
    0.4280597452015268,
    0.4322608422422009,
    0.4258509025269319,
    0.4265926604168724,
    0.43415717631995066,
    0.4296845779003435,
    0.42981967377196045,
    0.43258809751699934,
    0.42954053638810213,
    0.43320109009853836,
    0.42994040795163585,
    0.4288231130526206,
    0.43246097300281505,
    0.4358168200755497,
    0.4308279839110841,
    0.43418785551943073,
    0.43459119190152073,
    0.43474691361883255,
    0.4349304935916606,
    0.4350422535504788,
    0.43423819361395183,
    0.4366445889121888,
    0.4342365596523267,
    0.43726002914485596,
    0.4355664562645741,
    0.43803425465136736,
    0.4372072575921115,
    0.4378554692417244,
    0.4388269407940266,
    0.43757989866535796,
    0.4383099781000381,
    0.4382138654992387,
    0.43704302390934924,
    0.43831208762118223,
    0.4378398025246946,
    0.4388968580422397,
    0.4393259556017962,
    0.4395065941159567,
    0.4387974783792078,
    0.4387223921362085,
    0.4379333231289145,
    0.43864767268675015,
    0.43847903517619097,
    0.4393046035015572,
    0.43835508737293005,
    0.4395224110111386,
    0.43909489353016395
  ],
  "train_auroc": [
    0.7198041712667208,
    0.7998351582077485,
    0.8189318357329334,
    0.8334502836855064,
    0.8418178587931464,
    0.8515893986799256,
    0.8568929192201321,
    0.8631387167606944,
    0.8649977182024493,
    0.8689213679514516,
    0.8731351606849358,
    0.8767269182281989,
    0.8767317918662862,
    0.8785808772628045,
    0.8804225534402134,
    0.8808978386182722,
    0.8854444960958459,
    0.8858410233130756,
    0.8885958303712025,
    0.8886597377247956,
    0.8895672908298862,
    0.8905981568217043,
    0.8945840991025608,
    0.8929432097541244,
    0.8945666366408145,
    0.8963600858393932,
    0.8979027755898014,
    0.8964669490238688,
    0.8984840850020652,
    0.8999808111065933,
    0.9007841237919765,
    0.9016700485620138,
    0.9014567177369023,
    0.90118462308115,
    0.901890397985147,
    0.9029400149480677,
    0.9051219896547745,
    0.9059698270037017,
    0.9047088193997359,
    0.905344017396736,
    0.906888406781841,
    0.9083691743240461,
    0.9088006595136194,
    0.9092848215668484,
    0.9107157397657447,
    0.9112430228885002,
    0.9100788013837282,
    0.9102948101468401,
    0.9115002730465831,
    0.913127019357141,
    0.9117391908903658,
    0.9141775675645283,
    0.9140223901375012,
    0.9140185578289771,
    0.9155284639778163,
    0.9202191104963214,
    0.9228282102378242,
    0.9244443361768218,
    0.9242657472411113,
    0.9243840788555244,
    0.9258190611389268,
    0.9258589770376509,
    0.9277086838411923,
    0.9270220340006847,
    0.9271645090004947,
    0.927832709429749,
    0.9299619995063135,
    0.9300953730059867,
    0.9309904784092728,
    0.9316772957208752,
    0.9331664992079208,
    0.9317233421341048,
    0.9317230932127403,
    0.9320305373818892,
    0.9328779196222436,
    0.9313671003759605,
    0.9320581780914343,
    0.9334187353382213,
    0.933238347594966,
    0.9326448083678921,
    0.9336405869386446,
    0.9341556865857521,
    0.9336336252718247,
    0.9333690179047363,
    0.9331750730729168,
    0.9338607281624532,
    0.9343382435647045,
    0.9332272478594112,
    0.9340785971283854,
    0.9340018140368884,
    0.9344367270441043,
    0.9334797546387231,
    0.9343389857447859,
    0.9338911066987459,
    0.9346314460412589,
    0.9347970395501365,
    0.9350744334109369,
    0.9345297610259924,
    0.9332308027466668,
    0.9342785239661441
  ],